Path,Bytes,SHA256
.gitattributes,109,47c09bd209842fc1d28d0154af0f42378a4c3ab771388ee4734796cebabcc446
.gitignore,143,c2f4eb0a5d9a5c6a38c3aa9c9ff88dc8a8a0bfd02183c52dc45bbeb1d5280f88
CITATION.cff,826,5efa7eb4d8fc80ad7fdac2d95d966d3c7e95e33d33b4c4a130a3886ddb76e0a5
code/CHECK_MiSBIE_Setup.m,8010,aa59bb1b0417cd356a32f7353d9effc4dd33f64cd360eaa30d323aa7c621532b
code/kmeans_Matlab.m,34697,4bda135a0959ed3f52925696d27c3c2447f479a601ad65f0400550a1f57c88b0
code/legacy_analysis/Brain_Behavior_Correlate_Phenom_v3.m,47599,ff35a1f83ef30ae5bad2ba95118bfbcd1fb6524c89ad89306bfc602aba65ddae
code/legacy_analysis/ComputeHedgeG.m,3117,202f9b5fead10c48ed823c4beaf3e99bd7e85be0d21e09cba0e0950a4b85540f
code/legacy_analysis/Figure1_PartialCorr_NoFlip.m,21014,2aa039957f90144e3984a928314e65c9e4c2a75a128bb00de901a90d418687ea
code/legacy_analysis/Figure1_PartialCorr_SignAligned_k11_FINAL.m,24170,8de5d026e115958b9d02f68d2f8031a037e8c5b322b9eda84d1e52c052936cc3
code/legacy_analysis/kmeans_bootstrap_stability.m,6936,abe1d2988909e4321a8e0202a79015dfbf141d4733a8d74fc4665d263a9ef5bf
code/legacy_analysis/Mito_Demographic.m,8739,8c4513b42dda33903be8f7c542d765c41d7847b29728f695723697e2638c931e
code/legacy_analysis/Mito_Figure4_Forrevision_CiRSquare.m,43510,23442fceb4c37bf252c51c717738123ffe143611d9053c2e0af912cfacb2de93
code/legacy_analysis/MitoFigure1_A_FDR.m,5293,145714e2029e30acdd629106f1b33d4682bf6aad1f1c5712dcfc3db65cd602ad
code/legacy_analysis/MitoFigure1_A_Wedge_FDR.m,4870,498786ab93c16474b61273784c266255330b90ae9492fb468c8a10f39324abc9
code/legacy_analysis/NbackBehavior.m,1870,739b81e18ab33ec41deca6c8dc8ebf9d06efdf0eb37b304a77b8238e35d2dbac
code/legacy_analysis/PatientsClusterAnalysis_Updated.m,13158,d673357bf6db1b1281c2928effb258a4bd8727bf7bc9a9137bb660be319add66
code/legacy_analysis/Sensitivity_Analysis_Combined.m,18384,98e00d1ec696a72698be457f4c08e78df58abbc4b3cea251a13568f00b081e6f
code/legacy_analysis/SimpleCodeForMajorAnlysis_WithFDR.m,28436,b16af670581ee5c9e6b1765099d1c66d9bd92b6c07c5e3c2b7b53365d4b1ddc8
code/legacy_imaging/ALFFScript.m,1899,f179824a9e4fa93e11eb75345a105e76ffc62c9874a21d8e9a3b020062b0478d
code/legacy_imaging/Mito_ColdPressor_2ndLevel.m,10662,c9ffb365278e3600b9461900516f32a482d9b554ca0861327b643fb40600273a
code/legacy_imaging/Mito_ColdPressor_Preprocess_Smooth_Covariate_Oneregressor.m,5724,908069d06da370e38832dbaf2463bf89000f82fe5a076ec9feb5edb6acd177a1
code/legacy_imaging/Mito_Figure2D_3.m,3579,4c5cd4af6ee225dfe7eda9bfac703e9875ce39ad8664b85ddd5825bd1ddd8abe
code/legacy_imaging/Mito_Multisensory_Preprocess_Smooth_Covariate_Oneregressor.m,5107,0b9ca1d80a1c2d755a2bf9fa5343ab4e1920dbfe853001b480a5f1d5b1782169
code/legacy_imaging/Mito_Nback_2ndLevel.m,12838,8bb6845b5a0ea0b0051e4a7e0ed335d792f3a8b35637395b0de626c251f321ad
code/legacy_imaging/Mito_Nback_Preprocess_Smooth_Covariate_Oneregressor.m,9029,dc673422aa7f896465d7110f59a9b42d30acc893bb3b64b03b5e480da9eb7636
code/legacy_imaging/Mito_Rest_Connectivity_Firstlevel.m,1249,aba5c0c0312eb1c292d232cac9a17d8dea42e3071cc920d694fceab353f471d5
code/legacy_imaging/Mito_Rest_Connectivity_Secondlevel_Canlab2024.m,5029,f4501c617a314101e924781bdbbc96e0e2554dcc629fbfc1485ed5af33eb12dd
code/legacy_imaging/Mito_Rest_Connectivity_Secondlevel_Canlab2024_NetworkAverage.m,4686,1e14ece06d1dbb59907e0b42869bc78676dad03e63d0f8c7e009d9e883c3e21c
code/legacy_imaging/Mito_Rest_Motion.m,2615,e9c80b4070a766c06e7424c73d0eced2490c807e2eea507cf2f3f069dd49e934
code/legacy_imaging/MitoFigure2.m,1526,42b4dab3ff12e06fa80022da0d89dbe9117b5bb2e28c1b5560b4de2944a798b4
code/legacy_imaging/MitoFigure_PatternExpression.m,1576,b4ae6b9bcb716d3d6ac1b88541a2236398cca4d66b46b6ae7921b34f85f3da3f
code/legacy_imaging/MitoRestingState.m,6664,8792a00b5af52abee86ef00c3319a20a5e32771d0b864fa6b6f2d76928c3fd4c
code/legacy_imaging/Reho_2ndlevel.m,4883,6e4fd3847d0002905d728281d8db757ee3026811510e59427abb0509b86a3cdd
code/legacy_imaging/StandardAnalysis_Mito2nd.m,18962,6d7b236b5b6c26dd8ca2d410c4b545c8a9204ef98959918f0e3ef66414d755ea
code/legacy_imaging/y_alff_falff_canlab.m,8573,9233a778bf261a42fc21dcc6aad01a6edfe9d6bc85ce8bc14fd2a07dc4763e58
code/requirements.txt,24,3e7c285201aa9d481b7473f4b49a9dac75af78fbc0111d9666c7733d096f0735
code/RUN_ALL.m,6441,5fb7f427c9e4adab3888355c861bb5aaf062eb4de60df3e8d6d4742f305d8a27
code/RUN_MiSBIE_Figure1.m,32072,a83df9248f09cab6003a1c19f6685cbdcf73f16f97afa4297264c9a9b23260cc
code/RUN_MiSBIE_Figure2_Paired.m,15745,a547714758d7726dc34ecc4538e5068c5427178a3b3deb845eac17392d3951a7
code/RUN_MiSBIE_Figure3.m,39856,c65fc88415cf22cfa67922cd09356c13fb22b3dd01ba8a86db9bb4695fabe609
code/RUN_MiSBIE_Figure4.m,9396,ae24ed504bc64cf75f80f9ae0795ae1d99531cd6f6a6015b04ceb742bbe014e2
code/RUN_MiSBIE_Power.m,9407,749f4209d398c0f6a218bffd198b7198a7abfa826b6983c8ac02568a850d0290
code/RUN_MiSBIE_Supplementary.m,11011,99aed4b06acea3e683b93d427dfbad8e5a37bd3f9990b08abec388743f65c276
code/RUN_MiSBIE_TableS1.m,7832,a3055101905636269c4b2eb04236a68d36e67d4a8da852b5c7eb28708718e06e
code/verify_results.py,11942,51856122ddb1d917d2ad92726dfa0cea54a7072464a1ccc4822c740936bb1f83
data/figure2/Cold_cv_contrast_scores.csv,173825,bd500f1ba5f36c4fad27f8710764814fd5b61e7fd98a250dd93129629d4ea037
data/figure2/Cold_paired_scores.csv,6206,06ec3646b520b97cbfc1b71486381c33110f50a1a4baa13b461d0275cc7a4e39
data/figure2/cv_summary.csv,14943,6dc31cd438b98a95ff85f89b82389c5c6c7a2516971a706c0510d581dac5afeb
data/figure2/Multisensory_cv_contrast_scores.csv,167838,68c6cc78f9f46ac99fd36fcca16574acd396b93df5179e32179a2ae3534dae0b
data/figure2/Multisensory_paired_scores.csv,6782,b96cdccf4753d5c4c3951bb8ea9bcc629d43017ef9a50eb9ce9a409763bcfc6d
data/figure2/Nback_cv_contrast_scores.csv,165715,c3ce0aa3ac766bde40e790c977c89210aaed0689aeab11a5f5c7af4a8ebcae5d
data/figure2/Nback_paired_scores.csv,6071,90a2bb891a3d81017b3332dfb98368588964d380275cc4e7670ba80575dd6d05
data/figure2/Paired_condition_scores.mat,13126,3e8d10cdb2a7197b881ee2874824d50cda3da2779e2d5a807eae8154d05dd67f
data/figure_assets/Figure2_background.png,5706008,7ae48cf106714139be9bdbeed924313913381933767a57832ba1fbc1c14bf8c4
data/participants/analysis_data.csv,26345,a301f2bb47116eb6b04e82184ebfbfd9f120a2a99bd26db29c13e8e76b09bcdf
data/participants/cohort_groups.csv,1669,4e704715ede0dbe0abff0b8ba72f32198feffcf01ebedf52d8341bab2d1f9df3
data/participants/demographics.csv,6848,c68d5c0dc34e556bb2d2796092220bf7e7191334a0ade1cbb7fe94a308af926d
data/participants/structural_summaries.csv,20685,5c21b9e460303fd719019190c7834857d256f6366ccdf76c06d6f8e26013689c
data/phenotype/clinical_items.csv,33449,0566ac4119906818336b3d92c2ede1570d2c245220736f7d3fdb64b5f9abf34f
data/phenotype/phenotype_scores.csv,116596,fdae92b1b15b63538237d75ce19a15a4d3bdf03562696665622ff938ae066d02
data/summary/archival_Hedgeg_Ke_Preprocessed_ItemLevel.csv,31711,b8163deaab558491c87b67050214dd59978bfef5e16b8a4469497023f70dde8f
data/summary/archival_Hedgeg_Ke_Preprocessed_WedgePlot.csv,7227,094fc395008afb425fc834d203b81e8439146f558d94f8962f6e9a5ed35ccb82
data/summary/archival_Hedgeg_Ke_Preprocessed_WithFDR.csv,37086,124d7efb96cd695629259155a9b2362c24dd59c052cc26f01c9ee939fe4d1781
data/summary/archival_MISBIE_Behavior_Correlation_FDR_AgeCorrected.csv,23423,ee88ba9b61060fa33bfb237dc7a736abdd6afab168c4c423b10da9400589c3fb
data/summary/archival_MISBIE_Brain_Correlation_FDR_AgeCorrected.csv,23739,31eb071381518e21da9c962c46a8157ca12de1c9ccdf8f05b7a809367584d4f4
data/summary/reported_Table_S1.csv,21355,6981e4a3178754dd04754c5ce9b5d34c193889f044b04ebe438a8cebd9e74132
data/summary/reported_Table_S2.csv,13357,102b4cde66ceda46d4a2014d3e27afd61f9179a582b0763bbfefd3dadc6339a2
data/summary/reported_Table_S3.csv,13351,9e07b123e6199678dc41ded2399caab0fb0706f776a33232293561295679b5f0
data/summary/reported_Table_S4.csv,1269,8f70fa6e22100d869d5d4a76740fc59b483b0ae18a6b4bc89742579c96544722
data/summary/reported_Table_S5.csv,1272,83b5de1ac53f253cdd892a220dce9db828e747832b0ff07832fe429ac849a05e
data/summary/table_s1_original_summary.csv,29161,158d36ca526a38e35bd16bafdc9d67ae04300723e3d45ce7a39a8536a2e26939
data/summary/table_s1_reconciled.csv,45074,7da29cbb76076993494fbaf8d541e1c82f7f901af237eb0436385ae21d6a0c76
docs/DATA_DICTIONARY.csv,162153,4a1fad5d8f8663ae7471cadffaef7fccbc22006446fb0ff3ceb6e60cb902d576
docs/DEPENDENCIES.md,2784,f0d73d2e8f82e6cb4a255d2caa4ec406e36f5d28bffc1649623f85fad0d7cd3d
docs/FIGURE1_KMEANS_FIX.md,4465,be8b6585b62fa30f2620248f9d112510429c9bc7671df0d584a47bce2cf9c39c
docs/legacy_code_changes.json,5622,7f2cbbf4d24ffe065f472951551f2b4ff19415d3d211cda4bdaca2f391cb02cd
docs/PATH_FIX.md,2506,46a6c352ecdeb1e8c7e93d96a69bf6cbad49ebb4cf93463e43ceecbf17ef091d
docs/RESULTS_MAP.md,6584,d2ee912b9ca0cd3888c534e42a430cca60cbb01258ef76719b6aac81a4943c4c
docs/source_provenance.json,12255,b66d7e520dec75c6ac5def42bf5ddf536acb63a5b157eccada85278a7c6f2952
docs/UPLOAD_GUIDE.md,1907,15325cc4cc6ce471bd0f6a77f6ad79dd33b4e55dc837d49aef482dfb081011e7
docs/VALIDATION.md,5327,2c80017e7517f755d31b0fe9943a7d878e6dd2ce1f41c6451c51d519dc250265
LICENSE_NOTICE.txt,626,14644bd4f5401eaffd6604151b40d40de4b81ba750b7e754aa8c88be1aa56b0e
README.md,8209,ef4d754d78763faf8f0b305b9429a210b99e72e7fc2a94bc289f2ecf4afd6ffc
reference_results/archived_phenotype_partial_correlation.csv,836865,63b44a7c94de42f5150e0f88a4f29820574eed827477d594afe526ba3c0f4949
reference_results/brain_behavior.csv,238,da84ccdc753944915f43e9d069f995c9cb98f8d68109e217daca28a8f648bc4d
reference_results/checks.json,694,4f92c3cfb5aa7910b7834fda3237a649473ca951a33a4ab6741471272996b614
reference_results/environment.json,174,0ca62214ddc669482e7d3684754e17b8041f464ea1547627b8b8d7aac876835e
reference_results/figure1_sign_alignment_check.csv,8822,61a52445eaadad12ca24ca75e0496b182a4f0390b6e8808a9c0082c51c44fe5b
reference_results/figure1_source_check.json,842,a57b14bfa71994931c0c6714c1e71016052d5ecd9c0db7a886000684c891541f
reference_results/GDF15_main_effects.csv,856,3c89e63711c565c50a74b2f029eac7453a2d59409a03b16866b6c316a6613500
reference_results/GDF15_statistics.csv,921,6717df099aa084ba4a85eba6b79789fa059f1f0403625977ba88fc477554c666
reference_results/mediation_OLS_paths.csv,282,85a8724dc5e4fc801f8d5a24f5808050060221f6085746557a7ac8bedec1d97c
reference_results/power_between_groups.csv,584,276b519843edbca3a3e74969a3bd84fc43f7b29990d5cc9cde8a372b0e5a3d6d
reference_results/severity_correlations.csv,601,bbbd6179e18b1aebb9a16972e22066666425d98757245c180956b52c36d7300c
reference_results/subgroup_tests.csv,1126,247ec7c2ab25227f9c64f5552796d94a18a80156026735545413f098bd82dcc3
reference_results/TableS1_reproduced.csv,39031,3949b858321665dfaa721a4cbfcbecf3c0c5a25477ccac5b025ded8d4d11eff1
reference_results/TableS2_recomputed.csv,25819,8f28ffbe3b87c2ce6ebfd953db596d309a29fbdbec8586e69350046af5195e41
reference_results/TableS3_recomputed.csv,25671,5a9471895c720f61a14552963acb5fb5e6fba256e186a9532000deed0703eed8
reference_results/task_activation.csv,271,ec05043821cd34f17f93e7603e9a04f173df96a8be01b90bdda9abedc66699da
START_HERE.m,5443,92073e8ebf460c0f671613ba396c0021cc6f9db8d0c694c347315ffbfeb32b00
