Task,Repetition,CohensDz,ClassificationAccuracy
Nback,1,1.6194087288330334,0.9659090909090909
Nback,2,1.6606966644750953,0.9772727272727273
Nback,3,1.6773739224477275,0.9545454545454546
Nback,4,1.669176724214113,0.9772727272727273
Nback,5,1.7444590499595016,0.9772727272727273
Nback,6,1.6390387178143746,0.9659090909090909
Nback,7,1.6546600076887081,0.9659090909090909
Nback,8,1.7494731916974375,0.9772727272727273
Nback,9,1.7148556260081287,0.9772727272727273
Nback,10,1.6658633295895016,0.9659090909090909
Nback,11,1.642916898626098,0.9659090909090909
Nback,12,1.7376294312762537,0.9659090909090909
Nback,13,1.670222117539613,0.9772727272727273
Nback,14,1.6715409213240293,0.9772727272727273
Nback,15,1.681835874832074,0.9659090909090909
Nback,16,1.7019489418720233,0.9659090909090909
Nback,17,1.701970198175911,0.9659090909090909
Nback,18,1.6602497047778169,0.9659090909090909
Nback,19,1.6347240826278135,0.9772727272727273
Nback,20,1.6917331374163014,0.9659090909090909
Nback,21,1.6816494256087566,0.9659090909090909
Nback,22,1.6205913610774902,0.9772727272727273
Nback,23,1.6488751302543398,0.9659090909090909
Nback,24,1.7019851515890299,0.9659090909090909
Nback,25,1.7469499269942943,0.9772727272727273
Nback,26,1.6380095622017676,0.9659090909090909
Nback,27,1.569140267418817,0.9659090909090909
Nback,28,1.7133682416369802,0.9772727272727273
Nback,29,1.680751717928753,0.9772727272727273
Nback,30,1.6631650807334497,0.9772727272727273
Nback,31,1.674932394746668,0.9772727272727273
Nback,32,1.6233828433560342,0.9659090909090909
Nback,33,1.6805918300571656,0.9772727272727273
Nback,34,1.6957178955108585,0.9659090909090909
Nback,35,1.69509707499356,0.9659090909090909
Nback,36,1.7377759627515066,0.9659090909090909
Nback,37,1.7288536329574093,0.9772727272727273
Nback,38,1.629278226086141,0.9659090909090909
Nback,39,1.7418377939479996,0.9772727272727273
Nback,40,1.653658828181076,0.9659090909090909
Nback,41,1.6137318364328654,0.9659090909090909
Nback,42,1.7269087944721155,0.9659090909090909
Nback,43,1.6729540903151665,0.9659090909090909
Nback,44,1.6375393291420821,0.9659090909090909
Nback,45,1.607495478171316,0.9659090909090909
Nback,46,1.6925017202271109,0.9659090909090909
Nback,47,1.627335526426995,0.9659090909090909
Nback,48,1.6804712174219196,0.9659090909090909
Nback,49,1.604542198937489,0.9659090909090909
Nback,50,1.7037746581135753,0.9659090909090909
Nback,51,1.680838781603599,0.9659090909090909
Nback,52,1.715742578560055,0.9545454545454546
Nback,53,1.6991409425486819,0.9772727272727273
Nback,54,1.694308600819374,0.9659090909090909
Nback,55,1.6367109693399697,0.9659090909090909
Nback,56,1.6664806839924413,0.9659090909090909
Nback,57,1.6278109347016168,0.9772727272727273
Nback,58,1.611057963452452,0.9659090909090909
Nback,59,1.6758476208432047,0.9772727272727273
Nback,60,1.6756713339880835,0.9772727272727273
Nback,61,1.7560236460941843,0.9659090909090909
Nback,62,1.6799026313456795,0.9659090909090909
Nback,63,1.6684567710369034,0.9772727272727273
Nback,64,1.7191465626619251,0.9772727272727273
Nback,65,1.6861181844332387,0.9772727272727273
Nback,66,1.619195130186413,0.9659090909090909
Nback,67,1.7865350662118062,0.9772727272727273
Nback,68,1.6704417364580761,0.9545454545454546
Nback,69,1.6909114384072508,0.9659090909090909
Nback,70,1.6510054760686108,0.9659090909090909
Nback,71,1.7243234089607526,0.9659090909090909
Nback,72,1.7353453030956278,0.9659090909090909
Nback,73,1.6927294350297346,0.9772727272727273
Nback,74,1.6160635478001295,0.9659090909090909
Nback,75,1.573337785527908,0.9659090909090909
Nback,76,1.640172291381624,0.9659090909090909
Nback,77,1.6847905528536344,0.9772727272727273
Nback,78,1.7307003936344707,0.9772727272727273
Nback,79,1.673408568674788,0.9659090909090909
Nback,80,1.7170317539813669,0.9772727272727273
Nback,81,1.7054799824579576,0.9772727272727273
Nback,82,1.7209856664235594,0.9772727272727273
Nback,83,1.6730148854566844,0.9659090909090909
Nback,84,1.6142711763907225,0.9659090909090909
Nback,85,1.6968275975016944,0.9772727272727273
Nback,86,1.7431713808481046,0.9772727272727273
Nback,87,1.6310026585278528,0.9659090909090909
Nback,88,1.7186288327322021,0.9659090909090909
Nback,89,1.6944063599475665,0.9659090909090909
Nback,90,1.6309169618680335,0.9659090909090909
Nback,91,1.7138989223920758,0.9659090909090909
Nback,92,1.6673185796130083,0.9659090909090909
Nback,93,1.6751971905946268,0.9659090909090909
Nback,94,1.6991028192315651,0.9545454545454546
Nback,95,1.6348804798875918,0.9772727272727273
Nback,96,1.6679697971954897,0.9659090909090909
Nback,97,1.6065412321187413,0.9772727272727273
Nback,98,1.6995901425609483,0.9659090909090909
Nback,99,1.7784846277247652,0.9772727272727273
Nback,100,1.6787253123630568,0.9659090909090909
Multisensory,1,2.181651700287812,0.9777777777777777
Multisensory,2,2.1229316628759687,0.9777777777777777
Multisensory,3,2.2406597201856027,0.9888888888888889
Multisensory,4,2.1946766176175654,0.9888888888888889
Multisensory,5,2.2188435189739195,0.9777777777777777
Multisensory,6,2.230505721141347,0.9888888888888889
Multisensory,7,2.206563565530391,0.9777777777777777
Multisensory,8,2.1843170506976417,0.9777777777777777
Multisensory,9,2.2550230135396143,0.9888888888888889
Multisensory,10,2.171591037216072,0.9777777777777777
Multisensory,11,2.1811772714202937,0.9888888888888889
Multisensory,12,2.206707317269264,0.9777777777777777
Multisensory,13,2.232207761238778,0.9888888888888889
Multisensory,14,2.159285964683686,0.9888888888888889
Multisensory,15,2.169212725643684,0.9777777777777777
Multisensory,16,2.174726182910222,0.9888888888888889
Multisensory,17,2.17497432509683,0.9777777777777777
Multisensory,18,2.1561674000993762,0.9888888888888889
Multisensory,19,2.193230836365209,0.9777777777777777
Multisensory,20,2.163792344129317,0.9888888888888889
Multisensory,21,2.1936131880243623,0.9777777777777777
Multisensory,22,2.1993110020289026,0.9888888888888889
Multisensory,23,2.1423668795450435,0.9777777777777777
Multisensory,24,2.2143239651885964,0.9777777777777777
Multisensory,25,2.2059024012085384,0.9888888888888889
Multisensory,26,2.1992803357248443,0.9888888888888889
Multisensory,27,2.2477667664985836,0.9777777777777777
Multisensory,28,2.2409530458687748,0.9777777777777777
Multisensory,29,2.2162554367509197,0.9888888888888889
Multisensory,30,2.189656552944644,0.9888888888888889
Multisensory,31,2.15635560021313,0.9777777777777777
Multisensory,32,2.1135986305683336,0.9777777777777777
Multisensory,33,2.214941615750389,0.9777777777777777
Multisensory,34,2.156078419239668,0.9888888888888889
Multisensory,35,2.2421903824945324,0.9888888888888889
Multisensory,36,2.1548431491883333,0.9888888888888889
Multisensory,37,2.212912092193493,0.9777777777777777
Multisensory,38,2.141577529447651,0.9888888888888889
Multisensory,39,2.2419597600879193,0.9888888888888889
Multisensory,40,2.2187033808910868,0.9777777777777777
Multisensory,41,2.1909715391779896,0.9888888888888889
Multisensory,42,2.1581762508672684,0.9777777777777777
Multisensory,43,2.1684094096309265,0.9888888888888889
Multisensory,44,2.24210900460422,0.9888888888888889
Multisensory,45,2.104962445699875,0.9888888888888889
Multisensory,46,2.1697587443177673,0.9777777777777777
Multisensory,47,2.1291787216665172,0.9888888888888889
Multisensory,48,2.153057700513237,0.9777777777777777
Multisensory,49,2.2299059986747274,0.9888888888888889
Multisensory,50,2.2269533648322297,0.9777777777777777
Multisensory,51,2.1764380709507707,0.9888888888888889
Multisensory,52,2.162094754677345,0.9777777777777777
Multisensory,53,2.204694039280916,0.9777777777777777
Multisensory,54,2.1227148669354556,0.9777777777777777
Multisensory,55,2.201763145166406,0.9888888888888889
Multisensory,56,2.1251779695255646,0.9777777777777777
Multisensory,57,2.2154779869052605,0.9888888888888889
Multisensory,58,2.1708937093666574,0.9777777777777777
Multisensory,59,2.2355811968033485,0.9888888888888889
Multisensory,60,2.2100896915366284,0.9888888888888889
Multisensory,61,2.136435005506738,0.9777777777777777
Multisensory,62,2.144837415098532,0.9888888888888889
Multisensory,63,2.171108960291921,0.9777777777777777
Multisensory,64,2.2051124971536193,0.9777777777777777
Multisensory,65,2.1959574185383537,0.9777777777777777
Multisensory,66,2.2119135069718894,0.9888888888888889
Multisensory,67,2.142974990126251,0.9777777777777777
Multisensory,68,2.196329849173059,0.9888888888888889
Multisensory,69,2.234775932076227,0.9888888888888889
Multisensory,70,2.1715551201275605,0.9888888888888889
Multisensory,71,2.2075616974013,0.9777777777777777
Multisensory,72,2.2197421066884773,0.9888888888888889
Multisensory,73,2.1160264426365374,0.9777777777777777
Multisensory,74,2.1660506179009515,0.9777777777777777
Multisensory,75,2.077162846234303,0.9777777777777777
Multisensory,76,2.2197957296904227,0.9777777777777777
Multisensory,77,2.1759092661343233,0.9777777777777777
Multisensory,78,2.206440224901825,0.9777777777777777
Multisensory,79,2.1961664025305287,0.9888888888888889
Multisensory,80,2.1532394908912047,0.9777777777777777
Multisensory,81,2.1528929351202026,0.9777777777777777
Multisensory,82,2.2400151779258604,0.9777777777777777
Multisensory,83,2.1131732650398236,0.9777777777777777
Multisensory,84,2.21074682395189,0.9777777777777777
Multisensory,85,2.118138887669413,0.9777777777777777
Multisensory,86,2.1944162242178042,0.9777777777777777
Multisensory,87,2.1870649561292974,0.9888888888888889
Multisensory,88,2.1670486692626887,0.9777777777777777
Multisensory,89,2.2005571473984404,0.9777777777777777
Multisensory,90,2.217911918819253,0.9888888888888889
Multisensory,91,2.1437411800938464,0.9777777777777777
Multisensory,92,2.164412192782882,0.9777777777777777
Multisensory,93,2.1184637309502685,0.9777777777777777
Multisensory,94,2.142333251984706,0.9777777777777777
Multisensory,95,2.2285097233905335,0.9888888888888889
Multisensory,96,2.1964218616309994,0.9888888888888889
Multisensory,97,2.133723820310386,0.9777777777777777
Multisensory,98,2.17475471112752,0.9777777777777777
Multisensory,99,2.249449372654085,0.9777777777777777
Multisensory,100,2.183521134945589,0.9777777777777777
Cold,1,0.9013393861431319,0.8791208791208791
Cold,2,0.932842296857361,0.8901098901098901
Cold,3,0.8748765402636296,0.8571428571428571
Cold,4,0.9408693389440831,0.8791208791208791
Cold,5,0.9077055727481633,0.8681318681318682
Cold,6,0.8970929341655361,0.8461538461538461
Cold,7,0.9167968536943972,0.8571428571428571
Cold,8,0.8905334400276708,0.8791208791208791
Cold,9,0.9297670039288738,0.8571428571428571
Cold,10,0.9399939737785501,0.8681318681318682
Cold,11,0.9291763293791515,0.8791208791208791
Cold,12,0.8827227367332307,0.8681318681318682
Cold,13,0.970879159940375,0.8791208791208791
Cold,14,0.936788262518554,0.8791208791208791
Cold,15,0.7928719860104442,0.8791208791208791
Cold,16,0.9205119107613599,0.8901098901098901
Cold,17,0.9374234801102869,0.8791208791208791
Cold,18,0.9693999857004079,0.9010989010989011
Cold,19,0.9352868054090232,0.8681318681318682
Cold,20,0.9375584270325006,0.8571428571428571
Cold,21,0.9590248856565429,0.8791208791208791
Cold,22,0.9466039023525161,0.8461538461538461
Cold,23,0.7776646805315974,0.8131868131868132
Cold,24,0.826228165391557,0.8571428571428571
Cold,25,0.9132489681142715,0.8791208791208791
Cold,26,0.9717153192692369,0.8791208791208791
Cold,27,0.9391785783420311,0.8901098901098901
Cold,28,1.0260675600577935,0.8461538461538461
Cold,29,0.9507951123315272,0.9010989010989011
Cold,30,0.931606263784205,0.8571428571428571
Cold,31,0.8528637493410334,0.8571428571428571
Cold,32,0.9151497695333551,0.8901098901098901
Cold,33,1.011842553387034,0.9230769230769231
Cold,34,0.9524015793499779,0.8681318681318682
Cold,35,0.8574642176214001,0.8571428571428571
Cold,36,0.8936461998616663,0.9010989010989011
Cold,37,0.9534410037668699,0.8791208791208791
Cold,38,0.9144538908479256,0.8791208791208791
Cold,39,0.9829464315064865,0.8791208791208791
Cold,40,0.8849545551886793,0.8791208791208791
Cold,41,0.9315818280902771,0.8461538461538461
Cold,42,0.9642409726397038,0.8901098901098901
Cold,43,0.8793118249254823,0.8681318681318682
Cold,44,0.9040010911050338,0.8571428571428571
Cold,45,0.886329414635167,0.8461538461538461
Cold,46,0.9626566148490622,0.8791208791208791
Cold,47,0.9789426834548193,0.9010989010989011
Cold,48,0.91386696378937,0.8681318681318682
Cold,49,1.0247656459503878,0.9010989010989011
Cold,50,0.8325926162154994,0.8681318681318682
Cold,51,0.9824188925672724,0.9010989010989011
Cold,52,0.9309733925138608,0.8901098901098901
Cold,53,0.9682681809184918,0.8901098901098901
Cold,54,0.8375160135480382,0.8681318681318682
Cold,55,0.8634865257693684,0.8571428571428571
Cold,56,0.9271051436711524,0.8791208791208791
Cold,57,0.9152648372927336,0.8461538461538461
Cold,58,0.9204885358414359,0.8571428571428571
Cold,59,0.9197315067822333,0.8351648351648352
Cold,60,0.8741669106673098,0.8461538461538461
Cold,61,0.9108667646099212,0.8681318681318682
Cold,62,0.9657074670234504,0.8461538461538461
Cold,63,0.8940365213205921,0.8681318681318682
Cold,64,0.9148438008932296,0.8571428571428571
Cold,65,0.8908587085482702,0.8461538461538461
Cold,66,0.912702909901164,0.8681318681318682
Cold,67,0.9994826038962239,0.8351648351648352
Cold,68,0.9578806135679818,0.8681318681318682
Cold,69,0.8934431686736573,0.8681318681318682
Cold,70,0.8896023501342595,0.8681318681318682
Cold,71,0.8854219606768389,0.8461538461538461
Cold,72,0.9077036633849852,0.9120879120879121
Cold,73,0.8407735574579276,0.8241758241758241
Cold,74,0.9381552047208476,0.8791208791208791
Cold,75,0.8717438655532979,0.8681318681318682
Cold,76,0.9226925194241561,0.9010989010989011
Cold,77,0.8858651964943286,0.8571428571428571
Cold,78,0.9264326936744519,0.8791208791208791
Cold,79,0.9543771047239571,0.8901098901098901
Cold,80,0.8932230998071597,0.8571428571428571
Cold,81,0.8176513828873121,0.8791208791208791
Cold,82,0.8874998013678966,0.8791208791208791
Cold,83,0.9023911099337647,0.8461538461538461
Cold,84,0.8646662481978633,0.8571428571428571
Cold,85,0.8767714207421986,0.8571428571428571
Cold,86,0.9108379074051978,0.8791208791208791
Cold,87,0.9209934823401082,0.8571428571428571
Cold,88,0.9476043400621195,0.8681318681318682
Cold,89,0.8454339138075057,0.8791208791208791
Cold,90,0.9288142937772054,0.8791208791208791
Cold,91,1.0365224680544018,0.8791208791208791
Cold,92,0.8760067133253984,0.8681318681318682
Cold,93,0.8934325741016101,0.8681318681318682
Cold,94,0.9617579287939858,0.9120879120879121
Cold,95,0.8876289504567098,0.8791208791208791
Cold,96,0.9691857854418131,0.8681318681318682
Cold,97,0.9912024540211275,0.8901098901098901
Cold,98,0.9978130195183658,0.8901098901098901
Cold,99,0.9712958270657758,0.8791208791208791
Cold,100,0.9648905542927846,0.8791208791208791
