PairID,Control,Task,Difference
Nback_001,-5.592763837494036,-4.065094739168811,1.5276690983252248
Nback_002,-1.3281573072539985,0.7763186379497702,2.1044759452037685
Nback_003,-1.2045941065126122,1.4435097768514757,2.648103883364088
Nback_004,-1.4959758365836002,-0.7141721725050727,0.7818036640785275
Nback_005,-0.3392581000467758,-0.18053052951910198,0.15872757052767383
Nback_006,-3.6841883827021302,0.15410161188182903,3.8382899945839593
Nback_007,-0.9274686043359286,3.408588015042427,4.336056619378356
Nback_008,-0.808437311912158,4.4418618900271785,5.250299201939336
Nback_009,1.0050385691265793,5.19343779991131,4.18839923078473
Nback_010,-3.617089314761549,2.847510548427476,6.464599863189025
Nback_011,0.5002667497220363,2.539626483670666,2.0393597339486296
Nback_012,-3.2289663021564525,0.4764765089007068,3.7054428110571593
Nback_013,-0.8373430094208865,1.8722237211733832,2.7095667305942697
Nback_014,-0.5780382481306268,-1.6416493091373772,-1.0636110610067504
Nback_015,-1.8129475486353162,0.461825343217807,2.2747728918531234
Nback_016,0.08203548854580012,3.1678872021316087,3.0858517135858086
Nback_017,-0.6432046645666133,1.438739559168294,2.0819442237349075
Nback_018,1.2419953155909742,5.317664838037371,4.075669522446397
Nback_019,-0.019038079804158614,3.3386818431576337,3.3577199229617922
Nback_020,-3.8594231248471162,-2.318488310414651,1.540934814432465
Nback_021,0.12311391333480093,2.785648037026556,2.6625341236917555
Nback_022,-0.9252935562321518,1.3612450773804434,2.2865386336125955
Nback_023,-1.4686582744882055,1.7426350264092014,3.211293300897407
Nback_024,-0.9073138116535187,0.7066786651181434,1.613992476771662
Nback_025,-2.6542062345667503,-2.3712278184004867,0.2829784161662636
Nback_026,-2.138547553480003,-0.43359706734644154,1.7049504861335616
Nback_027,-2.418505719127383,0.4516431359803261,2.8701488551077095
Nback_028,-2.6001615628498307,0.6695135075392207,3.2696750703890514
Nback_029,0.7427935455848762,1.4901448189963349,0.7473512734114587
Nback_030,-1.4866468334543441,-0.7151965738537918,0.7714502596005524
Nback_031,-1.0913140353735171,1.3056802871061126,2.39699432247963
Nback_032,-2.193709249156533,2.7521879353830294,4.945897184539563
Nback_033,-0.6539014046717728,1.0191118513508126,1.6730132560225854
Nback_034,-0.6637253702135655,1.5476158687767705,2.211341238990336
Nback_035,-1.256791360504986,0.27893244448431775,1.5357238049893038
Nback_036,-0.04282214867721734,1.3800456142578763,1.4228677629350936
Nback_037,-4.35659854843087,-1.6726875960920742,2.6839109523387954
Nback_038,-1.1963548025416122,0.6900386307166102,1.8863934332582224
Nback_039,0.80096209211117,2.3087718877738777,1.5078097956627077
Nback_040,-1.200568968561411,2.302500017319248,3.5030689858806587
Nback_041,-0.6586451280833714,1.8068417160428258,2.4654868441261972
Nback_042,-1.2395066600103442,2.1762505623074517,3.415757222317796
Nback_043,-0.46951824479026094,1.4053568174296065,1.8748750622198673
Nback_044,-1.0120910616240741,2.3244500337632403,3.3365410953873145
Nback_045,-5.06695012781679,-1.8344763892150828,3.2324737386017075
Nback_046,-1.502880573246877,1.809149887894298,3.312030461141175
Nback_047,-1.475857120186154,-0.7239538551796376,0.7519032650065163
Nback_048,0.32116803512390857,4.305211612654729,3.9840435775308203
Nback_049,0.340815719998824,-0.17673782380323932,-0.5175535438020633
Nback_050,-0.3099640242392546,2.6847935789079576,2.994757603147212
Nback_051,-1.554919096858812,0.31601884622852183,1.8709379430873339
Nback_052,-0.14894716191281143,1.7174451647808335,1.8663923266936449
Nback_053,-0.2977928549856186,2.7812421186660465,3.079034973651665
Nback_054,-0.4172867475656702,3.418547388669119,3.835834136234789
Nback_055,0.9709275915172502,3.3100400593867025,2.3391124678694526
Nback_056,-0.08293502406392217,1.7636287264340804,1.8465637504980026
Nback_057,-3.0302952938182774,0.25586809033485824,3.2861633841531357
Nback_058,-0.7994213478788728,0.22660559500018573,1.0260269428790585
Nback_059,-0.43854480873040835,2.7320698970455375,3.1706147057759457
Nback_060,-0.3852840157401938,1.0523594654851458,1.4376434812253396
Nback_061,-1.238197129653039,-0.49501641956959386,0.7431807100834451
Nback_062,-1.7263231828715768,0.40206888300179733,2.128392065873374
Nback_063,-2.343825586862656,-0.6731786038994593,1.6706469829631967
Nback_064,-2.280402574861921,1.1259088380682538,3.406311412930175
Nback_065,-3.146109245538769,-1.8535897170680158,1.2925195284707531
Nback_066,0.4410646108758094,3.2232574588748286,2.7821928479990192
Nback_067,-0.5202818107705993,0.5751262974444857,1.095408108215085
Nback_068,-1.449301622006819,-0.1039730006475652,1.3453286213592537
Nback_069,0.47117745990137005,1.2715283966807835,0.8003509367794135
Nback_070,0.04953364118713344,0.8099577280955252,0.7604240869083918
Nback_071,0.49435419587676643,2.3920891559690283,1.897734960092262
Nback_072,-0.11264489169949454,0.8883706490524382,1.0010155407519328
Nback_073,-0.4008067817971004,0.09202724736120216,0.49283402915830254
Nback_074,-1.5195882403258194,0.025402980371699524,1.544991220697519
Nback_075,3.462556480512215,4.567161007699264,1.1046045271870488
Nback_076,-1.3321052591684321,1.3959460173573768,2.728051276525809
Nback_077,-0.9889748997540657,-1.146618949717457,-0.15764404996339132
Nback_078,0.35687628536954874,0.9121741866964673,0.5552979013269186
Nback_079,0.09879627685684356,0.9341960048483469,0.8353997279915033
Nback_080,-1.748958631253781,0.8539188946638563,2.6028775259176373
Nback_081,-1.0967620455658016,2.180597959784771,3.2773600053505723
Nback_082,-0.12139924304985128,3.300008645516446,3.4214078885662973
Nback_083,-2.4063223871072825,-0.23815351598715595,2.168168871120127
Nback_084,-4.682511370595753,-3.0052188389309813,1.6772925316647718
Nback_085,-0.5453820809444025,0.9961985649057792,1.5415806458501817
Nback_086,-1.2412033221578165,-0.6211447058978554,0.6200586162599611
Nback_087,-0.4676834991573122,3.3136064926220534,3.7812899917793654
Nback_088,0.7702467111456996,2.7241818838398366,1.953935172694137
