Variable,Hedges_g,Subcategory,P_Value,Mean_Group1,Mean_Group2,Std_Group1,Std_Group2,N_Group1,N_Group2
day0_arm_2.stai_y1_state_total,0.16,Psychological Factors,0.39347833913505104,37.594202898550726,35.975,11.094936365668204,8.450421018186928,69,40
day0_arm_2.stai_y1_trait_total,-0.06,Psychological Factors,0.7647426197836129,40.53623188405797,41.225,12.842461407544217,10.726166184878966,69,40
day0_arm_2.bdi_total,-0.27,Psychological Factors,0.1815782817710324,7.942028985507246,10.25,8.317034358986337,8.784455968736292,69,40
day0_arm_2.mbi_total,-0.23,Psychological Factors,0.2548790892958885,6.490821256014493,7.047863247974358,2.4288764182380267,2.4219125748795194,69,39
day0_arm_2.mbi_ineff,0.07,Psychological Factors,0.7156202491834973,2.4589371980869568,2.376068376025641,1.0715443764006842,1.1633524030939097,69,39
day0_arm_2.mbi_cyn,0.06,Psychological Factors,0.7477553608026926,2.0260869565217394,1.9384615384615387,1.3177132793005515,1.3758471810441175,69,39
day0_arm_2.mbi_exhaus,-0.48,Psychological Factors,0.020921042276149097,2.0057971014492755,2.7333333333333334,1.4543933501808577,1.584353318738119,69,39
day0_arm_2.pcl_total,-0.23,Psychological Factors,0.23188197431529323,30.014492753623188,32.825,12.327030024471078,11.397002529905249,69,40
day0_arm_2.dsm_5_cross_cutting,-0.03,Psychological Factors,0.8607873683559597,12.142857142857142,12.542857142857143,12.23144696799506,9.891597316864027,63,35
day0_arm_2.dsm_5_neg_aff,-0.21,Psychological Factors,0.2821411682984552,3.378787878787879,4.051282051282051,3.2852357438658624,2.946440474705904,66,39
day0_arm_2.dsm_5_detachment,0.13,Psychological Factors,0.5125570721648753,2.8507462686567164,2.4615384615384617,3.001281197852735,2.9005095182720995,67,39
day0_arm_2.dsm_5_antagonism,0.05,Psychological Factors,0.7725230217229658,1.411764705882353,1.3157894736842106,2.1317450921346595,1.2756612097451125,68,38
day0_arm_2.dsm_5_disinhibition,0.29,Psychological Factors,0.11685959186739063,2.588235294117647,1.6923076923076923,3.310928508077669,2.4937168006374297,68,39
day0_arm_2.dsm_5_psychoticism,0.14,Psychological Factors,0.452474769595403,2.347826086956522,1.9473684210526316,3.2441172412833383,2.2172221288597913,69,38
day0_arm_2.dsm_5_substance,-0.56,Psychological Factors,0.565419013588876,1.7142857142857142,3.3333333333333335,1.889822365046136,4.041451884327381,7,3
day0_arm_2.dsm_5_somatic,-0.33,Psychological Factors,0.4694564960585662,10.125,12,5.914570386523678,5.24771012332632,8,14
day0_arm_2.dsm_5_sleep_dist,-0.03,Psychological Factors,0.9227210740848448,27.473684210526315,27.714285714285715,6.842420145700817,7.075728518388342,19,14
day0_arm_2.dsm_5_repetitiv,1.56,Psychological Factors,0.11428580248835496,10.4,3.6666666666666665,3.8355066303046734,4.725815626252609,10,3
day0_arm_2.dsm_5_mania,-0.5,Psychological Factors,0.348802067510364,8.904761904761905,10.833333333333334,3.548306101575256,4.3089055068157,21,6
day0_arm_2.dsm_5_depre,0.57,Psychological Factors,0.1171469234794472,24,19.933333333333334,6.007931265855003,8.319226154488398,22,15
day0_arm_2.dsm_5_anx,0.25,Psychological Factors,0.4489074566792216,20.608695652173914,19.0625,6.0583460871968144,6.287222492219173,23,16
day0_arm_2.dsm_5_anger,0.05,Psychological Factors,0.9056096100520894,14.333333333333334,14.1,4.355421560503296,4.677368680976279,12,10
day0_arm_2.pss_total,-0.03,Psychological Factors,0.8775173531052121,17.144927536231883,17.35,7.345017043024395,6.257508310534653,69,40
day0_arm_2.tics_total_score,-0.36,Psychological Factors,0.0620236573195167,45.20289855072464,51.975,19.27706631187686,17.26785586440442,69,40
day0_arm_2.dhs_score,-0.32,Psychological Factors,0.1178851718140455,56.91304347826087,62.1,16.120629029504567,16.731361616391585,69,40
day0_arm_2.neo_neuro,0.14,Psychological Factors,0.4654418503296297,34.55072463768116,33.4,8.767480407875016,7.351260139664875,69,40
day0_arm_2.neo_extra,0.28,Psychological Factors,0.1702959409637256,40.710144927536234,38.8,6.449125452054269,7.211813669962392,69,40
day0_arm_2.neo_open,0.52,Psychological Factors,0.010455495062787819,42.68115942028985,38.975,6.91437707972902,7.2199421121338725,69,40
day0_arm_2.neo_agree,-0.12,Psychological Factors,0.5345415344612797,42.05797101449275,42.725,5.925726706417326,5.043337824323927,69,40
day0_arm_2.neo_cons,0,Psychological Factors,0.9829233122468148,44.608695652173914,44.575,8.435250600036847,7.571496820481675,69,40
day0_arm_2.mpss_score,-0.15,Social and Environmental,0.4807652833546514,82.1304347826087,84.2,12.533382534230757,15.80360231573315,69,40
day0_arm_2.ssq_s,-0.23,Social and Environmental,0.21786504461769438,30.242857142857144,31.685714285714287,6.91864884665742,4.837180927744082,70,35
day0_arm_2.ssq_n,-0.31,Social and Environmental,0.12167516972954064,16.928571428571427,20.642857142857142,11.499617420947418,12.548095625741485,70,42
day0_arm_2.ctq_ea,-0.02,Social and Environmental,0.9400876526883862,8.623188405797102,8.692307692307692,4.531268648725478,4.60065124768592,69,39
day0_arm_2.ctq_pa,-0.02,Social and Environmental,0.9068763249696444,6.101449275362318,6.153846153846154,2.203906475117682,2.242396058008412,69,39
day0_arm_2.ctq_sa,-0.03,Social and Environmental,0.8805241235164156,6.043478260869565,6.153846153846154,3.5497919682571246,3.710145844334806,69,39
day0_arm_2.ctq_en,0.18,Social and Environmental,0.34473467055176,10.782608695652174,9.794871794871796,5.88085019167995,4.7582586773971896,69,39
day0_arm_2.ctq_pn,0.21,Social and Environmental,0.2612853842104366,7.0144927536231885,6.461538461538462,2.789121481035943,2.2224471321182713,69,39
day0_arm_2.ctq_md,-0.04,Social and Environmental,0.8231793228896597,0.4492904057971014,0.48719823076923074,0.9320442041441257,0.7904613492405115,69,39
day0_arm_2.leq_positive_events_score,0.18,Social and Environmental,0.41053428509558565,11.807017543859649,9.9375,10.315450610771112,10.162986289599166,57,32
day0_arm_2.leq_negative_events_score,0.18,Social and Environmental,0.35623577108714144,6.491803278688525,5.2105263157894735,7.544585146137751,6.090124459460676,61,38
day0_arm_2.leq_total_events_score,0.07,Social and Environmental,0.7371014473929411,22.53731343283582,21.307692307692307,15.692430483872805,19.380068228321925,67,39
day1_arm_2.l_cat,0.38,Health Behaviors ,0.0663162301203382,3.6,3.075,1.323149514484723,1.4743534002124283,70,40
day1_arm_2.ipaq_total_met,-0.0482713020012521,Health Behaviors ,0.808726110398512,4145.67536,4370.08974,3739.07494,5866.84225,69,39
day1_arm_2.ipaq_intensity,0.325981077698846,Health Behaviors ,0.100587295615174,2.38571429,2.15,0.66578617,0.80224045,70,40
day1_arm_2.scor_abp1_psqi_global,-0.37,Health Behaviors ,0.0867676427354708,6.088235294117647,7.461538461538462,3.380079015757706,4.216796950081735,68,39
day1_arm_2.mfis_phy_sub,-1.23,Health/Symptoms,4.379440569633159e-07,6.957142857142857,16.625,6.627644595016152,9.572094859538323,70,40
day1_arm_2.mfis_cog_sub,-1,Health/Symptoms,9.993978085500257e-06,8.3,16.75,7.5954792046207364,9.596340114321897,70,40
day1_arm_2.mfis_psy_sub,-0.99,Health/Symptoms,8.163935398723901e-06,1.9428571428571428,3.975,1.910199278516221,2.247363127231785,70,40
day1_arm_2.mfis_total,-1.19,Health/Symptoms,3.360044682487679e-07,17.2,37.35,15.1175107221653,19.351737482452155,70,40
day1_arm_2.compass_orth_int,-0.43,Health/Symptoms,0.0356980639866647,6.457142857142857,10,8.123477720111694,8.49736007270071,70,40
day1_arm_2.compass_vasomotor,-0.5,Health/Symptoms,0.045600297747393825,0.0714282857142857,0.4583315,0.4195021203621297,1.1471149305273283,70,40
day1_arm_2.compass_secretomotor,-0.9,Health/Symptoms,0.000109658091748434,1.49999997,3.8035713524999997,2.138193640500514,3.12560819854197,70,40
day1_arm_2.compass_gastrointest,-1.13,Health/Symptoms,3.804911341140234e-07,3.2525508642857144,6.7410711050000005,2.9477249414030586,3.2724562732562488,70,40
day1_arm_2.compass_bladded,-0.25,Health/Symptoms,0.23289752404521663,0.5078857142857142,0.7777,1.030571820206896,1.1854227029272655,70,40
day1_arm_2.compass_pupillomotor,-1.3,Health/Symptoms,1.617037433128842e-07,0.8467714285714286,2.2810499999999996,0.904767472272289,1.3647896794857324,70,40
day1_arm_2.compass_total,-1.03,Health/Symptoms,4.665576919327316e-06,12.63577912,24.0617239575,10.190341217085438,12.337581970254,70,40
day1_arm_2.pfs_phys,-0.98,Health/Symptoms,1.5472810601816258e-05,15.342857142857143,24.595238095238095,8.02150319189346,11.251145250778835,70,42
day1_arm_2.pfs_mental,-0.42,Health/Symptoms,0.052807939704739425,14.028571428571428,18.642857142857142,9.329665058485201,13.328534269902754,70,42
day1_arm_2.mcc_score,-0.21,Health/Symptoms,0.3084350255223531,74.98550724637681,82.3,34.057258340841244,36.92070505202279,69,40
day1_arm_2.dcf_sit_stand_time,0.7,Symptoms/Clinical Assessmnent,0.00149960716511172,21.28985507246377,16.605263157894736,6.2074467832533555,7.39809863697354,69,38
day1_arm_2.dcf_bodyfat_avg,0.01,Symptoms/Clinical Assessmnent,0.9719742818894621,27.90746268656716,27.8375,9.981369970840614,9.909143343138789,67,40
day1_arm_2.fat_free_mass,0.14,Symptoms/Clinical Assessmnent,0.4639241206962854,47.559973880597006,43.8694475,25.901793363509338,24.61706907147431,67,40
day1_arm_2.hip_waist_circum_ratio,0.2,Symptoms/Clinical Assessmnent,0.3572860867709463,1.144234612884058,1.12245090045,0.0977959763934632,0.1286045108749499,69,40
day1_arm_2.dcg_adj_wgt,0.34,Symptoms/Clinical Assessmnent,0.10721055415577843,162.21714285714282,148.77249999999998,37.013902485764355,43.96467689068764,70,40
day1_arm_2.fev1_average,0.42,Symptoms/Clinical Assessmnent,0.056862164896497994,3.1897342995507247,2.8783333333157897,0.6796028987567765,0.8514191473438473,69,38
day1_arm_2.fev1_predicted_average,0.59,Symptoms/Clinical Assessmnent,0.00417749516127251,93.34057971028987,83.91228070052631,16.075049548659802,15.669001972851433,69,38
day1_arm_2.fvc_average,0.29,Symptoms/Clinical Assessmnent,0.19463883969822163,3.9637198067536232,3.685964912263158,0.8033698503674064,1.1604025288023152,69,38
day1_arm_2.fvc_predicted_average,0.52,Symptoms/Clinical Assessmnent,0.011141409181740582,95.4009661842029,87.22807017552631,15.847782850957618,15.400578216466675,69,38
day1_arm_2.fev1fvc_average,0.45,Symptoms/Clinical Assessmnent,0.0362079110049324,80.61594202927536,77.33877192921054,6.892931419142758,7.949347694980357,69,38
day1_arm_2.fev1_fvc_1_predicted_average,0.45,Symptoms/Clinical Assessmnent,0.0362079110049324,80.61594202927536,77.33877192921054,6.892931419142758,7.949347694980357,69,38
day2_arm_2.met_ree_d2,0.33,Systemic Energy Metabolism,0.22161853535719603,1569.5777777777778,1439.157894736842,399.7273780561907,376.0693291813056,45,19
day2_arm_2.met_vo2_d2,0.45,Systemic Energy Metabolism,0.13241116521689011,228.95555555555555,200.25684210526316,58.4340947935658,71.29460046974351,45,19
day2_arm_2.respiratory_rate_rr_breaths_min,0.48,Systemic Energy Metabolism,0.11216864096876539,12.068809523809524,9.794444444444444,4.467075325404075,5.110251774875127,42,18
day2_arm_2.met_feo2_d2,-0.07,Systemic Energy Metabolism,0.8341278367529624,16.635333333333328,16.69473684210526,0.7643850766822605,1.118522678561387,45,19
day2_arm_2.met_tidal_d2,-0.37,Systemic Energy Metabolism,0.20948869556348737,0.7164444444444444,0.8563157894736841,0.3528530183025965,0.4162292440779852,45,19
day2_arm_2.met_ve_d2,0.04,Systemic Energy Metabolism,0.8902378433402396,7.472222222222222,7.371052631578948,2.6128884129610004,2.6782371788108894,45,19
day2_arm_2.met_vo2_kg_d2,-0.06,Systemic Energy Metabolism,0.8574625461511123,3.1087077854222223,3.156197946473684,0.746294921648685,1.0331433806542674,45,19
day2_arm_2.vf_c1_lf_cor_scaled,0.325517240349741,Cognitive Processes,0.103819805584596,11.7014925,10.525,3.36206523,3.94180422,67,40
day2_arm_2.vf_c1_cf_cor_scaled,0.192670493219664,Cognitive Processes,0.333677627611293,11.7014925,11,3.46853792,3.84974192,67,40
day2_arm_2.vf_c1_cs_cor_scaled,0.404251750997792,Cognitive Processes,0.045774198155063,12.3283582,10.7179487,3.70253009,4.35858933,67,39
day2_arm_2.vf_c1_cs_tsa_scaled,0.206461169147272,Cognitive Processes,0.304215327570119,12.0597015,11.3589744,3.18557638,3.66697337,67,39
day2_arm_2.nab_shl_irg_perc,0.0875485931841907,Cognitive Processes,0.662409256920569,65.9104478,63.7179487,24.7813049,25.0020512,67,39
day2_arm_2.nab_shl_drg_perc,0.403860819207858,Cognitive Processes,0.0465854416708764,62.7424242,52.1025641,24.2596916,29.1075997,66,39
day2_arm_2.rbans_cd_scaled,0.457338480919404,Cognitive Processes,0.0246057664366396,9.62121212,7.76923077,3.3639041,4.94422331,66,39
day2_arm_2.rbans_ll_scaled,0.13814564388069,Cognitive Processes,0.487742488522175,10.8059702,10.35,3.20623827,3.39343257,67,40
day2_arm_2.nab_snl_spd_perc,0.475297676257283,Cognitive Processes,0.0228654558008565,51.8181818,37.2222222,29.2079595,32.706584,66,36
day2_arm_2.tm_ns_scaled,0.644987440465068,Cognitive Processes,0.00159392004865921,10.7424242,8.75,2.12175984,4.19248412,66,40
day2_arm_2.tm_ls_scaled,0.524568987029153,Cognitive Processes,0.0094433079455567,10.9253731,9.175,2.7977991,4.037564,67,40
day2_arm_2.tm_nls_scaled,0.412036551306027,Cognitive Processes,0.0402441294260402,10.4179105,8.975,3.06569115,4.07926275,67,40
day2_arm_2.nab_sdgf_perc,0.425403351825226,Cognitive Processes,0.0357427697605119,54.4776119,41.7435897,30.0627416,29.1084343,67,39
day2_arm_2.nab_sdgb_perc,0.225485264896868,Cognitive Processes,0.26336012608726,58.3636364,51.4102564,30.1496965,31.387827,66,39
day2_arm_2.cwi_cn_scaled,0.263186666162316,Cognitive Processes,0.187498826595919,9.05970149,8.175,3.12798026,3.66471393,67,40
day2_arm_2.cwi_wr_scaled,0.575574436674525,Cognitive Processes,0.00452753379317005,10.3134328,8.575,2.60657069,3.56541435,67,40
day2_arm_2.cwi_inhib_scaled,0.480528561954978,Cognitive Processes,0.0171384675028469,11.1044776,9.525,2.83449706,3.88281883,67,40
day2_arm_2.cwi_inh_cn_scaled,0.249424308677553,Cognitive Processes,0.211438528700854,11.7761194,11.025,3.26979239,2.44411905,67,40
day2_arm_2.st_free_corsort_scaled,-0.273169066051851,Cognitive Processes,0.194155790387941,11.6268657,12.4705882,2.97380392,3.24023282,67,34
day2_arm_2.topf_standrd_score,0.0804005906931315,Cognitive Processes,0.688440507531155,110.626866,109.615385,12.3862532,12.6670218,67,39
day2_arm_2.wasi_full_sum_c,0.100793587333734,Cognitive Processes,0.612465423048659,109.985075,108.375,15.3469892,16.6912959,67,40
day2_arm_2.nmdas_i_ii_iii_score,-1.65,Symptoms/Clinical Assessmnent,7.200913632877021e-08,1.9705882352941178,15.875,2.911483123284928,13.259128447205239,68,40
day2_arm_2.cns_score_total,1.61,Symptoms/Clinical Assessmnent,9.867910443778879e-08,72.8529411764706,65.4125,1.840787517084824,7.193201473328649,68,40
day2_arm_2.karnofsky_100,1.83,Symptoms/Clinical Assessmnent,0.000179277911308074,98.66666666666667,88.75,4.045199174779452,8.06225774829855,45,16
psychophysiology_arm_2.hr_avg_p10_300s,-0.31,Stress Reactivity Systems,0.1640269679053314,74.44962750448275,78.13415489542855,10.723025138884221,13.042693714891954,58,35
psychophysiology_arm_2.hr_avg_p10_60s_1,-0.24,Stress Reactivity Systems,0.23634552471183978,75.51063963594203,78.51953325076921,12.390582388285361,12.693624729578842,69,39
psychophysiology_arm_2.respr_count_p10_60s_1,-0.16,Stress Reactivity Systems,0.4655406969755984,19.590943691176474,20.210566314285714,3.7157501509040616,4.220628411631382,68,35
biological_sample_arm_2b.ln_nd1_copies_ul_saliva_10,0.35,Energetics,0.11398437345460974,8.199508196721311,7.479375,2.0255726978063167,2.0745880858152184,61,32
biological_sample_arm_2b.ln_b2m_copies_ul_saliva_10,0.4,Energetics,0.075584773063942,4.583684210526315,3.8213793103448275,1.9265333703488423,1.806946366778437,57,29
biological_sample_arm_2b.ln_nd1_copies_ul_serum_10,0.02,Energetics,0.9265603689764567,7.908095238095238,7.885428571428572,1.0886390692242656,1.2007261108501435,63,35
biological_sample_arm_2b.ln_b2m_copies_ul_serum_10,0.27,Energetics,0.2424426352124847,3.299047619047619,3.066857142857143,0.7768644882987789,1.0085014259040093,63,35
biological_sample_arm_2b.ln_nd1_copies_ul_plasma_10,0.26,Energetics,0.22383138538425795,8.221129032258064,8.0040625,0.860238443571925,0.7864860984559842,62,32
biological_sample_arm_2b.ln_b2m_copies_ul_plasma_10,0.11,Energetics,0.6116704705380627,1.8888524590163938,1.8046666666666662,0.7139329995656822,0.7515764275419909,61,30
biological_sample_arm_2b.hgba1c_edta1,-0.84,Cellular and Molecular,0.00189529314621667,5.147058823529412,5.654054054054054,0.34747300474347786,0.8943012774086676,68,37
biological_sample_arm_2b.glucose_serum,-0.46,Cellular and Molecular,0.10929925528043329,92.4927536231884,106.86111111111111,9.12111833378967,52.0928581766817,69,36
biological_sample_arm_2b.cholesterol_serum,-0.4,Cellular and Molecular,0.049574026442681704,178.20289855072463,193.83333333333334,40.465518985538395,36.81808561795994,69,36
biological_sample_arm_2b.insulin_serum,-0.47,Cellular and Molecular,0.0958906688695396,8.301470588235293,13.25,6.433436273307144,15.764394343972054,68,32
biological_sample_arm_2b.sodium_serum,-0.04,Cellular and Molecular,0.8545605066263079,140.1159420289855,140.19444444444446,1.8354053237561172,2.1885343359615224,69,36
biological_sample_arm_2b.potassium_serum,-0.13,Cellular and Molecular,0.5935472960046171,4.45072463768116,4.513888888888889,0.3197532083294852,0.6659698739551762,69,36
biological_sample_arm_2b.chloride_serum,0.6,Cellular and Molecular,0.00584181609820057,103.81159420289855,102.47222222222223,2.164386629039716,2.348082635575687,69,36
biological_sample_arm_2b.co2_serum,0.07,Cellular and Molecular,0.7252600724092513,25.768115942028984,25.583333333333332,2.4623334672636883,2.5898152167949853,69,36
biological_sample_arm_2b.bun_serum,-0.69,Cellular and Molecular,0.00249197315744748,13.115942028985508,16.083333333333332,3.9390064135517364,4.8660632372145995,69,36
biological_sample_arm_2b.creatinine_serum,0.32,Cellular and Molecular,0.16381036960613612,0.8255072463768116,0.7697222222222222,0.15074848776808636,0.21065186054057616,69,36
biological_sample_arm_2b.albumin_serum,-0.3,Cellular and Molecular,0.18467686238552442,4.6057971014492765,4.697222222222222,0.25889133421698635,0.362913693880996,69,36
biological_sample_arm_2b.calcium_serum,0.03,Cellular and Molecular,0.8771778205822787,9.492753623188404,9.480555555555558,0.32463501703936704,0.40905427124697874,69,36
biological_sample_arm_2b.triglycerides_serum,-0.47,Cellular and Molecular,0.0373620367027842,87.94202898550725,121.86111111111111,66.28700610357673,82.68948897714623,69,36
biological_sample_arm_2b.hdl_serum,0.17,Cellular and Molecular,0.39549888393912835,61.11594202898551,58.19444444444444,16.878054174059052,16.49037718436239,69,36
biological_sample_arm_2b.cpeptide_serum,-0.22,Cellular and Molecular,0.38476192287525457,1.4188405797101449,1.5903225806451613,0.6806734040896215,0.9870342238948885,69,31
biological_sample_arm_2b.wbc_edta1,-0.32,Immune Regulation and Inflammation,0.12508020409011575,5.5630434782608695,6.098378378378378,1.6346660968166682,1.7227392810958457,69,37
biological_sample_arm_2b.neutroabsolute_edta1,-0.2,Immune Regulation and Inflammation,0.3373400412684735,3.240724637681159,3.515405405405405,1.307616060354041,1.4398082329767905,69,37
biological_sample_arm_2b.lymphabsolute_edta1,-0.51,Immune Regulation and Inflammation,0.011774905553065259,1.6499999999999997,1.8762162162162166,0.4597761603726958,0.41432241438650536,69,37
biological_sample_arm_2b.monoabsolute_edta1,-0.11,Immune Regulation and Inflammation,0.5975718587930479,0.4568115942028985,0.47243243243243255,0.12457566509630143,0.15408160546003258,69,37
biological_sample_arm_2b.eosabsolute_edta1,-0.05,Immune Regulation and Inflammation,0.7951310756218521,0.15710144927536235,0.16378378378378378,0.14245847123734154,0.11607831052429292,69,37
biological_sample_arm_2b.basoabsolute_edta1,-0.02,Immune Regulation and Inflammation,0.9323797000185039,0.0463768115942028,0.047027027027027,0.0479880810720608,0.0304471185340588,69,37
biological_sample_arm_2b.fibrinogen_blue,-0.2,Immune Regulation and Inflammation,0.36229682617882275,289.1940298507463,301.62857142857143,60.82743569734176,67.03909557962767,67,35
biological_sample_arm_2b.crp_serum,-0.11,Immune Regulation and Inflammation,0.659607942037311,1.9593939393939392,2.431428571428571,2.8237099866271835,5.950309503990303,66,35
biological_sample_arm_2b.scr_max_sc_10_min,-0.17,Stress Reactivity Systems,0.46641555573620885,7.4789200000000005,8.330599999999999,4.631257328463727,5.252411949072409,50,30
biological_sample_arm_2b.fgf21_s3_pgml,-1.34,Cellular and Molecular,1.8170335253672907e-05,99.47584527817742,608.5332480194285,145.7324342627609,600.7085663032489,62,35
biological_sample_arm_2b.fgf21_s4_pgml,-1.32,Cellular and Molecular,2.7494008944321163e-05,99.77358676314516,565.6714608805881,150.25767580037675,553.9861991668533,62,34
biological_sample_arm_2b.fgf21_s5_pgml,-1.35,Cellular and Molecular,2.839019769161413e-05,98.643347685,568.866513769697,151.2782328376733,549.603266599162,62,33
biological_sample_arm_2b.gdf15_t_10,-1.7,Cellular and Molecular,1.4834523211245903e-06,404.2064110634921,1372.5683649060604,165.0354672024131,942.9319213386256,63,33
biological_sample_arm_2b.lactate_nmolul__t_10,-1.05,Cellular and Molecular,0.0015559621473579,0.7241963364,1.2171752544583334,0.3439695679753037,0.6501032344548806,50,24
'adj_wgt_perc',-0.453584455783145,CNS(ItemLevel),0.00906997538202081,,,,,,
'hgt_perc',-0.410599031449401,CNS(ItemLevel),0.0179074575347216,,,,,,
'cns_weight',0.787672671242112,CNS(ItemLevel),0.00679982930883879,,,,,,
'cns_height',0.911390746503458,CNS(ItemLevel),0.00196238427979425,,,,,,
'cns_hc',0.103977019908661,CNS(ItemLevel),0.601297345584596,,,,,,
'cns_eyes',1.21259703505591,CNS(ItemLevel),5.99308247846382e-09,,,,,,
'cns_ears',0.496583143507973,CNS(ItemLevel),0.011067668642212,,,,,,
'cns_nasopharynx',0.27123966197498,CNS(ItemLevel),0.160898429597471,,,,,,
'cns_lymphnodes',0.105332415123673,CNS(ItemLevel),0.58468886923706,,,,,,
'cns_heart',0.342674924684813,CNS(ItemLevel),0.077290204751848,,,,,,
'cns_lungs',0.239473656567539,CNS(ItemLevel),0.215317691143889,,,,,,
'cns_abdomen',0.188263617028332,CNS(ItemLevel),0.329358409054346,,,,,,
'cns_skeletal',0.496583143507973,CNS(ItemLevel),0.011067668642212,,,,,,
'cns_skin',0.119984249841181,CNS(ItemLevel),0.533647345582528,,,,,,
'cns_vascular',0.342674924684813,CNS(ItemLevel),0.077290204751848,,,,,,
'cns_carotid_artry',0.0596424857223078,CNS(ItemLevel),0.756852906304006,,,,,,
'cns_temporal_artry',0.239473656567539,CNS(ItemLevel),0.215317691143889,,,,,,
'cns_bruits',0.0596424857223078,CNS(ItemLevel),0.756852906304006,,,,,,
'cns_ocular_fundi',0.521979335208887,CNS(ItemLevel),0.00809367905811007,,,,,,
'cns_retinal_vssls',0.349217967629044,CNS(ItemLevel),0.0738668537742475,,,,,,
'cns_optic_ppll',-0.0373650989252981,CNS(ItemLevel),0.847234250355279,,,,,,
'cns_macula_regn',0.433016198261395,CNS(ItemLevel),0.0272620394353077,,,,,,
'cns_peripheral_rtn',0.697222318467614,CNS(ItemLevel),0.000474970855757813,,,,,,
'cns_crnl_nrv_i',0.239473656567539,CNS(ItemLevel),0.215317691143889,,,,,,
'cns_crnl_nrv_ii',0.527737708558745,CNS(ItemLevel),0.00704057460030596,,,,,,
'cns_crnl_nrv_iii',1.50050588378683,CNS(ItemLevel),3.64963819037538e-12,,,,,,
'cns_crnl_nrv_iv',1.36898525191602,CNS(ItemLevel),1.14759224968107e-10,,,,,,
'cns_crnl_nrv_v',0.342674924684813,CNS(ItemLevel),0.077290204751848,,,,,,
'cns_crnl_nrv_vi',1.43351205789679,CNS(ItemLevel),2.13860940389321e-11,,,,,,
'cns_crnl_nrv_vii',0.634318897588174,CNS(ItemLevel),0.00129905008157523,,,,,,
'cns_crnl_nrv_viii',0.623987371350271,CNS(ItemLevel),0.00154472572883079,,,,,,
'cns_crnl_nrv_ix',0.562269688937408,CNS(ItemLevel),0.00417011476669682,,,,,,
'cns_crnl_nrv_x',0.417422054782195,CNS(ItemLevel),0.0319774455051116,,,,,,
'cns_crnl_nrv_xi',0.496583143507973,CNS(ItemLevel),0.011067668642212,,,,,,
'cns_crnl_nrv_xii',0.239473656567539,CNS(ItemLevel),0.215317691143889,,,,,,
'cns_gait_statn',0.851633065172368,CNS(ItemLevel),2.21777482137208e-05,,,,,,
'cns_reg_wlk_tst',0.6830305538878,CNS(ItemLevel),0.000559263328029703,,,,,,
'cns_toe_wlk_tst',0.424776686021617,CNS(ItemLevel),0.029133310016831,,,,,,
'cns_heel_wlk_tst',0.74026244357624,CNS(ItemLevel),0.000197005659958058,,,,,,
'cns_tndm_wlk_tst',1.18706076006787,CNS(ItemLevel),1.12234344443753e-08,,,,,,
'cns_hp_tst',0.74026244357624,CNS(ItemLevel),0.000197005659958058,,,,,,
'cns_romberg_tst',0.424776686021617,CNS(ItemLevel),0.029133310016831,,,,,,
'cns_chorea',0.239473656567539,CNS(ItemLevel),0.215317691143889,,,,,,
'cns_dystonia',0.239473656567539,CNS(ItemLevel),0.215317691143889,,,,,,
'cns_myoclonus',0.239473656567539,CNS(ItemLevel),0.215317691143889,,,,,,
'cns_choreoathetosis',0.239473656567539,CNS(ItemLevel),0.215317691143889,,,,,,
'cns_ballismus',0.239473656567539,CNS(ItemLevel),0.215317691143889,,,,,,
'cns_tremor',0.424776686021617,CNS(ItemLevel),0.0291333100168309,,,,,,
'cns_im_other',0.239473656567539,CNS(ItemLevel),0.215317691143889,,,,,,
'cns_superficial',0.6830305538878,CNS(ItemLevel),0.000559263328029703,,,,,,
'cns_deep',0.0115910469784965,CNS(ItemLevel),0.952008997884468,,,,,,
'cns_cortical',0.239473656567539,CNS(ItemLevel),0.215317691143889,,,,,,
'cns_chcking_rebnd',0.239473656567539,CNS(ItemLevel),0.215317691143889,,,,,,
'cns_speech_coord',0.74026244357624,CNS(ItemLevel),0.000197005659958058,,,,,,
'cns_alt_supin_pron',0.623987371350271,CNS(ItemLevel),0.00154472572883079,,,,,,
'cns_fng_ns_fng',0.496583143507973,CNS(ItemLevel),0.011067668642212,,,,,,
'cns_pendular_refl',0.239473656567539,CNS(ItemLevel),0.215317691143889,,,,,,
'cns_eye_mvt',1.18706076006787,CNS(ItemLevel),1.12234344443753e-08,,,,,,
'cns_truncal_coord',0.562269688937408,CNS(ItemLevel),0.00417011476669682,,,,,,
'cns_head_coord',0.239473656567539,CNS(ItemLevel),0.215317691143889,,,,,,
'cns_distalbulk_r',0.424776686021617,CNS(ItemLevel),0.0291333100168309,,,,,,
'cns_distalbulk_l',0.424776686021617,CNS(ItemLevel),0.0291333100168309,,,,,,
'cns_distaltone_r',0.239473656567539,CNS(ItemLevel),0.215317691143889,,,,,,
'cns_distaltone_l',0.239473656567539,CNS(ItemLevel),0.215317691143889,,,,,,
'cns_distalstrength_r',0.369226342772723,CNS(ItemLevel),0.0572551661534896,,,,,,
'cns_distalstrength_l',0.562269688937408,CNS(ItemLevel),0.00417011476669682,,,,,,
'cns_proximalbulk_r',0.424776686021617,CNS(ItemLevel),0.0291333100168309,,,,,,
'cns_proximalbulk_l',0.424776686021617,CNS(ItemLevel),0.0291333100168309,,,,,,
'cns_proximaltone_r',0.239473656567539,CNS(ItemLevel),0.215317691143889,,,,,,
'cns_proximaltone_l',0.0632873102699634,CNS(ItemLevel),0.744237309628851,,,,,,
'cns_proximalstr_r',0.806499339480459,CNS(ItemLevel),5.50189545413155e-05,,,,,,
'cns_proximalstr_l',0.918170100717718,CNS(ItemLevel),5.50218787942162e-06,,,,,,
'cns_aj_reflex_l',0.50808766217685,CNS(ItemLevel),0.00938624130679258,,,,,,
'cns_aj_reflex_r',0.550311459082504,CNS(ItemLevel),0.00501256471936497,,,,,,
'cns_kj_reflex_l',0.744403487090375,CNS(ItemLevel),0.000182286778858161,,,,,,
'cns_kj_reflex_r',0.766666507983344,CNS(ItemLevel),0.000119493204535331,,,,,,
'cns_wj_reflex_l',0.467103011756678,CNS(ItemLevel),0.0166783738761257,,,,,,
'cns_wj_reflex_r',0.467103011756678,CNS(ItemLevel),0.0166783738761257,,,,,,
'cns_bj_reflex_l',0.512662799692642,CNS(ItemLevel),0.00878440945100392,,,,,,
'cns_bj_reflex_r',0.558174082977517,CNS(ItemLevel),0.0044427600273108,,,,,,
'cns_tj_reflex_l',0.496102603566381,CNS(ItemLevel),0.0111434662557263,,,,,,
'cns_tj_reflex_r',0.496102603566381,CNS(ItemLevel),0.0111434662557263,,,,,,
'cns_right_toe',0.239473656567539,CNS(ItemLevel),0.215317691143889,,,,,,
'cns_left_toe',0.239473656567539,CNS(ItemLevel),0.215317691143889,,,,,,
'cns_other',0.342674924684813,CNS(ItemLevel),0.077290204751848,,,,,,
'cns_score_weight',0.382988062426148,CNS(ItemLevel),0.0296326061674937,,,,,,
'cns_score_height',0.431999911896829,CNS(ItemLevel),0.014394511072739,,,,,,
'cns_score_headcircumference',NaN,CNS(ItemLevel),NaN,,,,,,
'cns_score_generalmedical',0.64552970007579,CNS(ItemLevel),0.001074080778888,,,,,,
'cns_score_ocularfundi',0.565806875742645,CNS(ItemLevel),0.0042018767818767,,,,,,
'cns_score_cranialnerves',1.25416750406594,CNS(ItemLevel),2.13259579511345e-09,,,,,,
'cns_score_stancegait',0.92944456438968,CNS(ItemLevel),4.31815318347103e-06,,,,,,
'cns_score_involuntarymovements',0.303882872566221,CNS(ItemLevel),0.116645882052364,,,,,,
'cns_score_sensation',0.345687050540854,CNS(ItemLevel),0.0747595192381965,,,,,,
'cns_score_cerebellarfunction',1.00485504306935,CNS(ItemLevel),8.18228759453646e-07,,,,,,
'cns_score_musclebulk',0.710200571440746,CNS(ItemLevel),0.000376657805585667,,,,,,
'cns_score_myotaticreflexes',0.678568006649781,CNS(ItemLevel),0.000605220088220012,,,,,,
'cns_score_toesign',0.342674924684813,CNS(ItemLevel),0.077290204751848,,,,,,
'cns_score_otherfindings',0.342674924684813,CNS(ItemLevel),0.077290204751848,,,,,,
'x1_VisionWithUsualGlassesOrContactLeases',-0.770339183525207,NMDAS (ItemLevel),0.000100240746233812,,,,,,
'x2_HearingWithOrWithoutHearingAid',-0.772041523724668,NMDAS (ItemLevel),9.69740381310221e-05,,,,,,
'x3_Speech',-0.751172410844342,NMDAS (ItemLevel),0.000145083272887121,,,,,,
'x4_Swallowing',-0.80570477032101,NMDAS (ItemLevel),4.98816398234604e-05,,,,,,
'x5_Handwriting',-0.585164850340113,NMDAS (ItemLevel),0.00272604947241402,,,,,,
'x6_CuttingFoodAndHandlingUtensils_irrespectiveOfContributoryFac',-0.464611208554763,NMDAS (ItemLevel),0.0165176538065586,,,,,,
'x7_Dressing',-0.360851554013463,NMDAS (ItemLevel),0.0612844495615871,,,,,,
'x8_Hygiene',-0.331628931541196,NMDAS (ItemLevel),0.0850724738038365,,,,,,
'x9_ExerciseTolerance_',-1.06180571523961,NMDAS (ItemLevel),1.85532110160601e-07,,,,,,
'x10_GaitStability',-0.943568063361685,NMDAS (ItemLevel),2.73964900937334e-06,,,,,,
'x1_Psychiatric',-0.253698110303813,NMDAS (ItemLevel),0.186508132653008,,,,,,
'x2_MigraineHeadachesDuringTheLast3Months_HowManyDaysHaveHeadach',-0.695637600199202,NMDAS (ItemLevel),0.000408918093202643,,,,,,
'x3_Seizures',-0.399456287059157,NMDAS (ItemLevel),0.0386396747237387,,,,,,
'x4_Stroke_LikeEpisodes_excludeFocalDeficitsFeltToBeOfVascularEt',-0.388768657388884,NMDAS (ItemLevel),0.0440422312524185,,,,,,
'x5_EncephalopathicEpisodes',-0.42613949177068,NMDAS (ItemLevel),0.0275774829173555,,,,,,
'x6_Gastro_intestinalSymptoms',-0.79883360045888,NMDAS (ItemLevel),5.72152238202154e-05,,,,,,
'x7_DiabetesMellitus',-0.799508582092992,NMDAS (ItemLevel),4.07854852510511e-05,,,,,,
'x8_RespiratoryMuscleWeakness',-0.448404649431985,NMDAS (ItemLevel),0.0205757746402501,,,,,,
'x9_CardiovascularSystem_',-0.650534390413202,NMDAS (ItemLevel),0.000911613968211916,,,,,,
'x1_VisualAcuityWithUsualGlasses_ContactLensesOrPinhole_',-0.43263766441022,NMDAS (ItemLevel),0.0253452684972083,,,,,,
'x2_Ptosis',-1.2136986306148,NMDAS (ItemLevel),4.65345160083146e-09,,,,,,
'x3_ChronicProgressiveExternalOphthalmoplegia',-1.2335218229999,NMDAS (ItemLevel),2.83084464407001e-09,,,,,,
'x4_Dysphonia_Dysarthria',-0.607022317150475,NMDAS (ItemLevel),0.00190705769446128,,,,,,
'x5_Myopathy',-0.901513587325357,NMDAS (ItemLevel),6.83478332859826e-06,,,,,,
'x6_CerebellarAtaxia',-0.817385410958182,NMDAS (ItemLevel),3.94395861836118e-05,,,,,,
'x7_Neuropathy',-0.667610189307801,NMDAS (ItemLevel),0.000675874301832516,,,,,,
'x8_PyramidalInvolvement',-0.347995546020662,NMDAS (ItemLevel),0.0709566341349369,,,,,,
'x9_Extrapyramidal',-0.24397698821799,NMDAS (ItemLevel),0.210036133179751,,,,,,
'x10_CognitionPatientsUndergoTestingUsingWTAR_SymbolSearchAndSpe',-0.402226414685789,NMDAS (ItemLevel),0.591585844530747,,,,,,
