Variable,R,p,p_FDR,Sig_FDR,N
subject_id,,,1,0,
stai_y1_state_total,-0.3615050244199619,0.08261353381226687,1,0,25
stai_y1_trait_total,-0.20750237133330002,0.33058940810986315,1,0,25
bdi_total,-0.2973061051159608,0.15827917696426352,1,0,25
mbi_ineff,0.19230502219863455,0.3793593048812408,1,0,24
mbi_cyn,-0.3005495569965554,0.16347814744648947,1,0,24
mbi_exhaus,-0.06946785711513098,0.7527936404191509,1,0,24
pcl_total,0.06747961062834158,0.7540597139586938,1,0,25
dsm_5_psychoticism,-0.11492532020640309,0.6015577759217554,1,0,24
pss_total,-0.07270233539279583,0.7356639565471794,1,0,25
tics_total_score,0.13428325632666624,0.5315931094693578,1,0,25
dhs_score,0.07547837637730943,0.7259424062324584,1,0,25
neo_neuro,-0.12084926620089265,0.5737745669338983,1,0,25
neo_extra,0.2570310041697059,0.2253328755015218,1,0,25
neo_open,0.03909935272048563,0.8560611954662342,1,0,25
neo_agree,0.33060063714137794,0.11459171385031397,1,0,25
neo_cons,-0.1792077545932288,0.40209698577928,1,0,25
ssq_s,0.030312220861205767,0.8934753168835403,1,0,23
ssq_n,0.09746736731836919,0.6504898066606326,1,0,25
ctq_ea,0.07282410687489935,0.7352366802787982,1,0,25
ctq_pa,0.21239683652644703,0.31905109277588717,1,0,25
ctq_sa,0.031613044574857904,0.8834159889169986,1,0,25
ctq_en,0.03722476574722944,0.8628970507619274,1,0,25
ctq_pn,0.0773727464113444,0.7193318097548966,1,0,25
ctq_md,0.014569117306585343,0.9461303736161562,1,0,25
leq_positive_events_score,0.3711670452143376,0.1176907607110521,1,0,20
leq_negative_events_score,-0.18564681739975109,0.4081467699544232,1,0,23
leq_total_events_score,0.006468314539745807,0.9760696804781541,1,0,25
srh_score,0.26457023768448057,0.21154072066096863,1,0,25
mcc_score,-0.13326652216734722,0.5347336262912299,1,0,25
dsm_5_cross_cutting_imputed,-0.08196151238498135,0.7034003641831871,1,0,25
dsm_5_neg_aff_imputed,0.21065179228699674,0.32313643641043366,1,0,25
dsm_5_detachment_imputed,-0.10712667799975974,0.6183199268017171,1,0,25
dsm_5_antagonism_imputed,0.23641402640583736,0.2660444687807336,1,0,25
dsm_5_disinhibition_imputed,0.6135824566925763,0.0014288589457998912,0.04361537789208006,1,25
l_cat,0.19832791757050153,0.35288332811229217,1,0,25
scor_abp1_psqi_global,-0.25514248228154324,0.22887904606334375,1,0,25
mfis_phy_sub,-0.39449130426356155,0.05643944116198393,1,0,25
mfis_cog_sub,-0.2736314600551862,0.1957299288005362,1,0,25
mfis_psy_sub,-0.30341928699120413,0.14949155195743402,1,0,25
compass_orth_int,-0.15637226037606383,0.4655879943280451,1,0,25
compass_vasomotor,-0.2913833860129756,0.16713388708440735,1,0,25
compass_secretomotor,-0.3824432940447108,0.06512549845635164,1,0,25
compass_gastrointest,-0.2783367274902426,0.18784604664504712,1,0,25
compass_bladded,0.07119490765482042,0.7409595372213671,1,0,25
compass_pupillomotor,-0.4522116122674098,0.02651305338991333,1,0,25
compass_total,-0.3412164650231837,0.10272645426816278,1,0,25
pfs_phys,-0.5627839408575263,0.004196654772042142,0.06306665540567405,0,25
pfs_mental,-0.4323947194606456,0.03483830067322131,1,0,25
dcf_sit_stand_time,0.44952555296484703,0.027537263327869117,1,0,25
dcf_bodyfat_avg,-0.1579724039214581,0.4609775305887781,1,0,25
fat_free_mass,0.044039741140955525,0.8380948710989029,1,0,25
hip_waist_circum_ratio,-0.13914661634336728,0.5166924134276254,1,0,25
dcg_adj_wgt,0.21479197829700536,0.31349524354624936,1,0,25
fev1_average,0.18766622557395052,0.3911791346796325,1,0,24
fev1_predicted_average,0.04759796866649304,0.8292498971520463,1,0,24
fvc_average,0.2087350059319397,0.3391642810564722,1,0,24
fvc_predicted_average,0.13508626775495844,0.5388519094495055,1,0,24
fev1fvc_average,-0.0716121275530585,0.7454047567982363,1,0,24
pi_geneticdiagnosistype,-0.418983988468144,0.041562262086198856,1,0,25
met_ree_d1,0.10795837927188266,0.799145359704691,1,0,9
met_ree_d2,-0.23593831679959076,0.573758923866241,1,0,9
met_vo2_d2,-0.21964611092547848,0.6012177026075077,1,0,9
respiratory_rate_rr_breaths_min,-0.5562342005550127,0.1947327469897427,1,0,8
met_feo2_d2,-0.28453815605238,0.49458750350171576,1,0,9
met_tidal_d2,0.3299984002886406,0.4247060545132063,1,0,9
met_ve_d2,-0.47362783090720384,0.23581750128724377,1,0,9
met_vo2_kg_d2,-0.43099526779345027,0.28638240339528576,1,0,9
nmdas_i_ii_iii_score,-0.6703602870945219,0.0003379111522030047,0.031224428230928563,1,25
cns_score_total,0.6039328454873067,0.0017776828227471367,0.04361537789208006,1,25
karnofsky_100,0.3926640065328521,0.3835718864406984,1,0,8
hr_avg_p5_300s,-0.2452582460598751,0.25933746102963295,1,0,24
hr_avg_p10_300s,-0.22048767086896942,0.3120331737257297,1,0,24
hr_avg_p5_60s_1,-0.34119416474142966,0.11109362081551824,1,0,24
hr_avg_p5_60s_2,-0.39409495050010335,0.06955023859124515,1,0,23
respr_count_p5_60s_1,0.057364823106740445,0.8211303942963193,1,0,19
respr_count_p5_60s_2,-0.24202522704720722,0.3181397308423274,1,0,20
hr_avg_p10_60s_1,-0.20800334218515318,0.3408983052786514,1,0,24
hr_avg_p10_60s_2,-0.2562910767675199,0.23782974601303597,1,0,24
respr_count_p10_60s_1,-0.11919622300803069,0.6269455079610127,1,0,20
respr_count_p10_60s_2,-0.2449786487764435,0.29787335504614854,1,0,21
ln_nd1_copies_ul_saliva_m5,-0.10958196612699843,0.6651254955047913,1,0,19
ln_b2m_copies_ul_saliva_m5,-0.4499133306917142,0.12292562744468156,1,0,14
ln_nd1_copies_ul_saliva_5,-0.15627527006032121,0.5105736031002768,1,0,21
ln_b2m_copies_ul_saliva_5,-0.32928128567060505,0.19684139282521573,1,0,18
ln_nd1_copies_ul_saliva_10,-0.2778764760699687,0.24937427976652138,1,0,20
ln_b2m_copies_ul_saliva_10,-0.19366658455542604,0.4564041581235302,1,0,18
ln_nd1_copies_ul_saliva_20,0.0920034330008208,0.707954989502674,1,0,20
ln_b2m_copies_ul_saliva_20,0.046623024428652175,0.8542463823135553,1,0,19
ln_nd1_copies_ul_saliva_30,-0.2077879714437643,0.36609154670764643,1,0,22
ln_b2m_copies_ul_saliva_30,-0.06976075203838275,0.8048751164774225,1,0,16
ln_nd1_copies_ul_saliva_60,0.07658608796401804,0.7553251770117417,1,0,20
ln_b2m_copies_ul_saliva_60,-0.027088079327799386,0.915032352401026,1,0,19
ln_nd1_copies_ul_saliva_90,-0.02723101277825651,0.9118868728299382,1,0,20
ln_b2m_copies_ul_saliva_90,-0.09043471966456801,0.7299600048181907,1,0,18
ln_nd1_copies_ul_saliva_120,-0.301910034762604,0.20903639607207813,1,0,20
ln_b2m_copies_ul_saliva_120,-0.2737984936285285,0.36536126461598883,1,0,14
ln_nd1_copies_ul_serum_m5,-0.15568534286963603,0.5003868804611994,1,0,22
ln_b2m_copies_ul_serum_m5,-0.09331354274032896,0.6874545373361229,1,0,22
ln_nd1_copies_ul_serum_5,-0.06775412603759667,0.7704307537795385,1,0,22
ln_b2m_copies_ul_serum_5,-0.14339235326630456,0.5464360254351146,1,0,21
ln_nd1_copies_ul_serum_10,0.0227259432233069,0.9221081952951437,1,0,22
ln_b2m_copies_ul_serum_10,-0.2157496260835697,0.3475892268695535,1,0,22
ln_nd1_copies_ul_serum_20,-0.10953536934952496,0.6457294389154045,1,0,21
ln_b2m_copies_ul_serum_20,-0.11780098080217725,0.6208624398513125,1,0,21
ln_nd1_copies_ul_serum_30,0.038520115693040494,0.8719089869042278,1,0,21
ln_b2m_copies_ul_serum_30,-0.24092283559321861,0.30619576896560075,1,0,21
ln_nd1_copies_ul_serum_60,-0.08463128622266981,0.7304899315884745,1,0,20
ln_b2m_copies_ul_serum_60,-0.025563165482026525,0.9172654401472538,1,0,20
ln_nd1_copies_ul_serum_90,0.09786230541375851,0.699262076157174,1,0,19
ln_b2m_copies_ul_serum_90,-0.06453412628791552,0.7991837211833737,1,0,19
ln_b2m_copies_ul_serum_120,0.14638288456942594,0.5498491507616812,1,0,20
ln_nd1_copies_ul_serum_120,0.10546700132955114,0.6674051438620687,1,0,20
ln_nd1_copies_ul_plasma_m5,-0.1309726332730972,0.5714704020082563,1,0,22
ln_b2m_copies_ul_plasma_m5,0.26464811672199096,0.25949465063042443,1,0,21
ln_nd1_copies_ul_plasma_5,0.12112553807142323,0.6009666887003023,1,0,22
ln_b2m_copies_ul_plasma_5,0.2560732233887516,0.2899675443019708,1,0,20
ln_nd1_copies_ul_plasma_10,-0.09872882146155237,0.6787911770298523,1,0,21
ln_b2m_copies_ul_plasma_10,0.12346409489865921,0.6145665806819662,1,0,20
ln_nd1_copies_ul_plasma_20,-0.035602952389271574,0.8849484444276019,1,0,20
ln_b2m_copies_ul_plasma_20,0.11685237683346912,0.633784913376261,1,0,20
ln_nd1_copies_ul_plasma_30,0.03305032746041158,0.8899831203098789,1,0,21
ln_b2m_copies_ul_plasma_30,-0.09188393879083741,0.7168942473826068,1,0,19
ln_nd1_copies_ul_plasma_60,0.014311007577214355,0.9550550090139942,1,0,19
ln_b2m_copies_ul_plasma_60,0.00966248718838486,0.9696462099979695,1,0,19
ln_nd1_copies_ul_plasma_90,-0.08909901759887488,0.7168065637968248,1,0,20
ln_b2m_copies_ul_plasma_90,-0.26533499976567915,0.30335123115019236,1,0,18
ln_nd1_copies_ul_plasma_120,-0.1842941709192679,0.45007591248125833,1,0,20
ln_b2m_copies_ul_plasma_120,-0.044606946252177766,0.8604893751123625,1,0,19
hgba1c_edta1,-0.37599628030145477,0.09299315466197451,1,0,22
glucose_serum,-0.5625745526232965,0.009817466083865497,0.10000000000000002,0,21
cholesterol_serum,0.1179626182917657,0.6203799691183445,1,0,21
insulin_serum,-0.4857852448496811,0.03497564376673775,1,0,20
sodium_serum,0.003277115146856717,0.9890597612068114,1,0,21
potassium_serum,0.4938349409719302,0.02689884472787801,1,0,21
chloride_serum,0.04298653233926376,0.857195147991385,1,0,21
co2_serum,-0.008584166852877268,0.9713476430020247,1,0,21
bun_serum,0.018174155034073807,0.9393795247894545,1,0,21
creatinine_serum,0.18703333065122058,0.4297695525182198,1,0,21
albumin_serum,0.3277239686400747,0.1583724079007659,1,0,21
calcium_serum,0.2935537778374838,0.20905030630429478,1,0,21
triglycerides_serum,-0.6096228655679758,0.00432157316459229,0.06306665540567405,0,21
hdl_serum,0.41083219796524695,0.07195423808910345,1,0,21
cpeptide_serum,-0.5321596541308113,0.023006647984877095,1,0,19
wbc_edta1,-0.41016957921962865,0.06478112854343311,1,0,22
neutroabsolute_edta1,-0.391320403214848,0.07939927039245855,1,0,22
lymphabsolute_edta1,-0.5695436035571889,0.007037673348483022,0.07941451719029342,0,22
monoabsolute_edta1,-0.07398382231938389,0.74994396397794,1,0,22
eosabsolute_edta1,0.3350318446744057,0.13765126635796754,1,0,22
basoabsolute_edta1,-0.04811794693974573,0.8359150854180593,1,0,22
fibrinogen_blue,-0.15813724792431308,0.5054852411998394,1,0,21
crp_serum,-0.36227051534275756,0.11649136886180991,1,0,21
scr_max_sc_5_min,0.18477305003701658,0.4226523997497764,1,0,22
scr_max_sc_10_min,0.08110545668783095,0.7413440555014719,1,0,20
fgf21_fasting_pgml,-0.41175472317241807,0.07983911708862962,1,0,20
fgf21_s1_pgml,-0.4219795213144416,0.056723006674356154,1,0,22
fgf21_s2_pgml,-0.43297331551191137,0.04993191649696431,1,0,22
fgf21_s3_pgml,-0.45294453332652007,0.03921386731252969,1,0,22
fgf21_s4_pgml,-0.5032445767738339,0.023703759995257236,1,0,21
fgf21_s5_pgml,-0.48998278438010456,0.028300826733196865,1,0,21
fgf21_s6_pgml,-0.4554446851510728,0.050048640190523346,1,0,20
fgf21_s7_pgml,-0.6395893618635515,0.005696371502454938,0.07242022334607315,0,18
fgf21_s8_pgml,-0.541796457676928,0.01657069105557793,1,0,20
gdf15_t_fasting1,-0.545377564844089,0.019237265028892413,1,0,19
gdf15_t_minus5,-0.6253129704179929,0.0024349044519352257,0.04361537789208006,1,22
gdf15_t_5,-0.6164365415820582,0.0029209738883810236,0.049510201595563526,1,22
gdf15_t_10,-0.6972125511957828,0.0006339741536784684,0.031224428230928563,1,21
gdf15_t_20,-0.6597214922202288,0.002117297929512158,0.04361537789208006,1,20
gdf15_t_30,-0.6440044983797866,0.0021811291850390483,0.04361537789208006,1,21
gdf15_t_60,-0.6814557731667755,0.0018443624192050114,0.04361537789208006,1,19
gdf15_t_90,-0.6336381287982896,0.0035815575307622154,0.05751217071841614,0,20
gdf15_t_120,-0.7069106007900415,0.0007138476398256692,0.031224428230928563,1,20
lactate_nmolul__t_m5,-0.20451877817969685,0.4310480753558562,1,0,18
lactate_nmolul__t_5,-0.4893684885859755,0.04618291921906043,1,0,18
lactate_nmolul__t_10,-0.5146060993815605,0.03454873559978085,1,0,18
lactate_nmolul__t_20,-0.562223830514958,0.0188180859460168,1,0,18
lactate_nmolul__t_30,-0.49137167727541314,0.04516421881103829,1,0,18
lactate_nmolul__t_60,-0.44107900588460647,0.076349243021842,1,0,18
lactate_nmolul__t_90,-0.245298857305007,0.34263878530075453,1,0,18
lactate_nmolul__t_120,-0.3906025176415209,0.12110284377373152,1,0,18
ipaq_total_met,0.23152257963616485,0.28780420082325286,1,0,24
ipaq_intensity,0.37702975840247255,0.06934681397583305,1,0,25
vf_c1_lf_cor_scaled,0.29939943114102197,0.15523007905459596,1,0,25
vf_c1_cf_cor_scaled,0.3024505240337143,0.15086052946476947,1,0,25
vf_c1_cs_cor_scaled,0.31066133176805244,0.14908315422764606,1,0,24
vf_c1_cs_tsa_scaled,0.2817429585331156,0.19277512072388925,1,0,24
nab_shl_irg_perc,0.2577538651867499,0.23506858965231858,1,0,24
nab_shl_drg_perc,0.4671623068754697,0.024607621894033305,1,0,24
rbans_cd_scaled,0.5661077186295437,0.004864742660805331,0.06453715401646704,0,24
rbans_ll_scaled,0.3893113277574438,0.06005684346940049,1,0,25
nab_snl_spd_perc,0.5129953039009644,0.012306043105356993,1,0,24
tm_ns_scaled,0.5109629535131837,0.010722041080853152,1,0,25
tm_ls_scaled,0.6462371252712363,0.0006458540792100596,0.031224428230928563,1,25
tm_nls_scaled,0.5235979499971077,0.008643109581953579,0.09440064789417607,0,25
nab_sdgf_perc,0.34302938063217536,0.10906122684510405,1,0,24
nab_sdgb_perc,-0.06966791494459468,0.7521033672930273,1,0,24
cwi_cn_scaled,0.38650535812717346,0.06208957817729263,1,0,25
cwi_wr_scaled,0.5392982839442166,0.006536992882444894,0.07671581176779305,0,25
cwi_inhib_scaled,0.4465689231770455,0.028701054939018138,1,0,25
cwi_inh_cn_scaled,-0.3825625495632442,0.06503477782198518,1,0,25
st_free_corsort_scaled,-0.061156848622724524,0.7978501044786019,1,0,21
topf_standrd_score,0.18730643048030526,0.39210447186010855,1,0,24
wasi_full_sum_c,0.1990279240596821,0.35115185360665924,1,0,25
redcap_event_name,,,1,0,
adj_wgt_perc,-0.34312146477705197,0.10069722821032702,1,0,25
hgt_perc,-0.33008933241601807,0.11518744717050555,1,0,25
cns_weight,0.06865227866674692,0.8606908671899569,1,0,10
cns_height,0.4181219696341709,0.2627488869248228,1,0,10
cns_hc,0.0985270282425434,0.6626762610722787,1,0,23
cns_eyes,0.11791848499261556,0.5831686803278132,1,0,25
cns_eyes_dtls,,,1,0,
cns_ears,-0.020886564878253723,0.9228290756735752,1,0,25
cns_ears_dtls,,,1,0,
cns_nasopharynx,0.2357594104044297,0.26740947480611577,1,0,25
cns_nasopharynx_dtls,,,1,0,
cns_lymphnodes,,,1,0,25
cns_lymphnodes_dtls,,,1,0,
cns_heart,,,1,0,25
cns_heart_dtls,,,1,0,
cns_lungs,,,1,0,25
cns_lungs_dtls,,,1,0,
cns_abdomen,0.09565880444970151,0.656583282404692,1,0,25
cns_abdomen_dtls,,,1,0,
cns_skeletal,0.14071239798085888,0.5119383060546236,1,0,25
cns_skeletal_dtls,,,1,0,
cns_skin,-0.031179849875058275,0.8850031386040826,1,0,25
cns_skin_dtls,,,1,0,
cns_vascular,,,1,0,25
cns_vascular_dtls,,,1,0,
cns_carotid_artry,,,1,0,25
cns_carotid_artry_dtls,,,1,0,
cns_temporal_artry,,,1,0,25
cns_temporal_artry_dtls,,,1,0,
cns_bruits,,,1,0,25
cns_bruits_dtls,,,1,0,
cns_ocular_fundi,0.10216768346716165,0.6347554031738156,1,0,25
cns_ocular_fundi_dtls,,,1,0,
cns_retinal_vssls,-0.13202580963898725,0.5385777232570874,1,0,25
cns_retinal_vssls_dtls,,,1,0,
cns_optic_ppll,,,1,0,25
cns_optic_ppll_dtls,,,1,0,
cns_macula_regn,0.1754130683515247,0.412298424543702,1,0,25
cns_macula_regn_dtls,,,1,0,
cns_peripheral_rtn,0.3040947209890316,0.14854231215731828,1,0,25
cns_peripheral_rtn_dtls,,,1,0,
cns_crnl_nrv_i,,,1,0,25
cns_crnl_nrv_i_dtls,,,1,0,
cns_crnl_nrv_ii,0.1677017267846108,0.43346242447858696,1,0,25
cns_crnl_nrv_ii_dtls,,,1,0,
cns_crnl_nrv_iii,0.2751114184899384,0.19322628910681605,1,0,25
cns_crnl_nrv_iii_dtls,,,1,0,
cns_crnl_nrv_iv,0.3227070055939951,0.12404284813358968,1,0,25
cns_crnl_nrv_iv_dtls,,,1,0,
cns_crnl_nrv_v,0.2357594104044297,0.26740947480611577,1,0,25
cns_crnl_nrv_v_dtls,,,1,0,
cns_crnl_nrv_vi,0.3227070055939951,0.12404284813358968,1,0,25
cns_crnl_nrv_vi_dtls,,,1,0,
cns_crnl_nrv_vii,0.4044722490268146,0.049946706081847744,1,0,25
cns_crnl_nrv_vii_dtls,,,1,0,
cns_crnl_nrv_viii,0.2357594104044297,0.26740947480611577,1,0,25
cns_crnl_nrv_viii_dtls,,,1,0,
cns_crnl_nrv_ix,0.4044722490268146,0.049946706081847744,1,0,25
cns_crnl_nrv_ix_dtls,,,1,0,
cns_crnl_nrv_x,0.4133647092715939,0.04466636276028286,1,0,25
cns_crnl_nrv_x_dtls,,,1,0,
cns_crnl_nrv_xi,0.2362150112137292,0.2664589827769659,1,0,25
cns_crnl_nrv_xi_dtls,,,1,0,
cns_crnl_nrv_xii,,,1,0,25
cns_crnl_nrv_xii_dtls,,,1,0,
cns_gait_statn,0.4301281171531172,0.03590961501544863,1,0,25
cns_gait_statn_dtls,,,1,0,
cns_reg_wlk_tst,0.3431214647770519,0.10069722821032702,1,0,25
cns_reg_wlk_tst_dtls,,,1,0,
cns_toe_wlk_tst,0.2357594104044297,0.26740947480611577,1,0,25
cns_toe_wlk_tst_dtls,,,1,0,
cns_heel_wlk_tst,0.2807815971138359,0.18383680893781162,1,0,25
cns_heel_wlk_tst_dtls,,,1,0,
cns_tndm_wlk_tst,0.5896152634806132,0.0024278692612857925,0.04361537789208006,1,25
cns_tndm_wlk_tst_dtls,,,1,0,
cns_hp_tst,0.4133647092715939,0.04466636276028286,1,0,25
cns_hp_tst_dtls,,,1,0,
cns_romberg_tst,0.2357594104044297,0.26740947480611577,1,0,25
cns_romberg_tst_dtls,,,1,0,
cns_chorea,,,1,0,25
cns_chorea_dtls,,,1,0,
cns_dystonia,,,1,0,25
cns_dystonia_dtls,,,1,0,
cns_myoclonus,,,1,0,25
cns_myoclonus_dtls,,,1,0,
cns_choreoathetosis,,,1,0,25
cns_choreoathetosis_dtls,,,1,0,
cns_ballismus,,,1,0,25
cns_ballismus_dtls,,,1,0,
cns_tremor,,,1,0,25
cns_tremor_dtls,,,1,0,
cns_im_other,,,1,0,25
cns_im_other_dtls,,,1,0,
cns_superficial,0.4532800913554036,0.02611423707732414,1,0,25
cns_superficial_dtls,,,1,0,
cns_deep,0.4532800913554036,0.02611423707732414,1,0,25
cns_deep_dtls,,,1,0,
cns_cortical,,,1,0,25
cns_cortical_dtls,,,1,0,
cns_chcking_rebnd,,,1,0,25
cns_chcking_rebnd_dtls,,,1,0,
cns_speech_coord,0.29988365681605267,0.15453071156724196,1,0,25
cns_speech_coord_dtls,,,1,0,
cns_alt_supin_pron,0.15401000314797117,0.4724376236976,1,0,25
cns_alt_supin_pron_dtls,,,1,0,
cns_fng_ns_fng,0.2357594104044297,0.26740947480611577,1,0,25
cns_fng_ns_fng_dtls,,,1,0,
cns_pendular_refl,,,1,0,25
cns_pendular_refl_dtls,,,1,0,
cns_eye_mvt,0.16988482120519263,0.4274123998950453,1,0,25
cns_eye_mvt_dtls,,,1,0,
cns_truncal_coord,0.17686946232106068,0.40836637618650085,1,0,25
cns_truncal_coord_dtls,,,1,0,
cns_head_coord,,,1,0,25
cns_head_coord_dtls,,,1,0,
cns_distalbulk_r,0.3045287445478224,0.1479346081516465,1,0,25
cns_distalbulk_r_dtls,,,1,0,
cns_distalbulk_l,0.3045287445478224,0.1479346081516465,1,0,25
cns_distalbulk_l_dtls,,,1,0,
cns_distaltone_r,,,1,0,25
cns_distaltone_r_dtls,,,1,0,
cns_distaltone_l,,,1,0,25
cns_distaltone_l_dtls,,,1,0,
cns_distalstrength_r,0.31378008460679085,0.13539822999027296,1,0,25
cns_distalstrength_r_dtls,,,1,0,
cns_distalstrength_l,0.4133647092715939,0.04466636276028286,1,0,25
cns_distalstrength_l_dtls,,,1,0,
cns_proximalbulk_r,0.22948222738492494,0.2807256127494482,1,0,25
cns_proximalbulk_r_dtls,,,1,0,
cns_proximalbulk_l,0.22948222738492494,0.2807256127494482,1,0,25
cns_proximalbulk_l_dtls,,,1,0,
cns_proximaltone_r,,,1,0,25
cns_proximaltone_r_dtls,,,1,0,
cns_proximaltone_l,,,1,0,25
cns_proximaltone_l_dtls,,,1,0,
cns_proximalstr_r,0.4121723593397568,0.04534780124316761,1,0,25
cns_proximalstr_r_dtls,,,1,0,
cns_proximalstr_l,0.5587143908092737,0.004542024940964591,0.06306665540567405,0,25
cns_proximalstr_l_dtls,,,1,0,
cns_aj_reflex_l,0.1444490169099075,0.50067943384269,1,0,25
cns_aj_reflex_r,0.12030078743395861,0.5755275390511418,1,0,25
cns_kj_reflex_l,0.5027831050175299,0.012276171782417437,1,0,25
cns_kj_reflex_r,0.48778723599346097,0.015605934158558135,1,0,25
cns_wj_reflex_l,0.2837407631447009,0.17906351153181654,1,0,25
cns_wj_reflex_r,0.2837407631447009,0.17906351153181654,1,0,25
cns_bj_reflex_l,-0.0023064088907323362,0.9914661199286309,1,0,25
cns_bj_reflex_r,-0.0020460863628510807,0.9924293035577859,1,0,25
cns_tj_reflex_l,0.23008772030232677,0.2794232298238304,1,0,25
cns_tj_reflex_r,0.23008772030232677,0.2794232298238304,1,0,25
cns_right_toe,,,1,0,25
cns_right_toe_dtls,,,1,0,
cns_left_toe,0.2357594104044297,0.26740947480611577,1,0,25
cns_left_toe_dtls,,,1,0,
cns_other,0.419907717028747,0.041068657722353866,1,0,25
cns_other_dtls,,,1,0,
cnsa749a906_addtnl,,,1,0,
cns_score_weight,0.3300893324160181,0.11518744717050589,1,0,25
cns_score_height,0.3300893324160181,0.11518744717050589,1,0,25
cns_score_headcircumference,,,1,0,8
cns_score_generalmedical,0.20148319771730752,0.3451183881491431,1,0,25
cns_score_ocularfundi,0.33598377252905226,0.10845583601832971,1,0,25
cns_score_cranialnerves,0.49427081079080915,0.01408567300677763,1,0,25
cns_score_stancegait,0.623549024988554,0.0011317915360857197,0.04311561990318227,1,25
cns_score_involuntarymovements,,,1,0,25
cns_score_sensation,0.4532800913554036,0.02611423707732414,1,0,25
cns_score_cerebellarfunction,0.32369894994386755,0.12282510759008758,1,0,25
cns_score_musclebulk,0.5435134996959191,0.0060510878521247155,0.07410881515641571,0,25
cns_score_myotaticreflexes,0.30452469599173315,0.14794026862008336,1,0,25
cns_score_toesign,0.2357594104044297,0.26740947480611577,1,0,25
cns_score_otherfindings,0.419907717028747,0.041068657722353866,1,0,25
cns_score_total_1,0.6039328454873067,0.0017776828227471367,0.04361537789208006,1,25
general_medical_and_neurological_examination_complete,-0.21098959068040707,0.3223431486673314,1,0,25
nmdas_cf_1,-0.30100309521489477,0.1529224313307268,1,0,25
nmdas_cf_2,-0.4202686621488122,0.04087704163739975,1,0,25
nmdas_cf_3,-0.31724777022113715,0.13090184907340718,1,0,25
nmdas_cf_4,-0.4995731663426369,0.012934612789582585,1,0,25
nmdas_cf_5,-0.4079292693108074,0.04783903534841323,1,0,25
nmdas_cf_6,-0.2899407838410158,0.16934200530408805,1,0,25
nmdas_cf_7,-0.4532800913554036,0.02611423707732414,1,0,25
nmdas_cf_8,-0.22948222738492494,0.2807256127494482,1,0,25
nmdas_cf_9,-0.40303987578561035,0.05084090176015814,1,0,25
nmdas_cf_10,-0.6132357636391127,0.001440291018135833,0.04361537789208006,1,25
nmdas_ssi_1,-0.46127967793887403,0.02327903236195615,1,0,25
nmdas_ssi_2,-0.266876135226553,0.20743826208181615,1,0,25
nmdas_ssi_3,-0.23575941040442974,0.26740947480611577,1,0,25
nmdas_ssi_4,,,1,0,25
nmdas_ssi_5,-0.24063472132119737,0.25735069919583053,1,0,25
nmdas_ssi_6,-0.25477790281629326,0.2295678639689389,1,0,25
nmdas_ssi_7,-0.14990996970907577,0.4844475166635367,1,0,25
nmdas_ssi_8,0.02524407248176918,0.9067915200280335,1,0,25
nmdas_ssi_9,-0.24000123478925475,0.2586437161226942,1,0,25
nmdas_cca_1,-0.31855737332426487,0.129232083470603,1,0,25
nmdas_cca_2,-0.39026720794331393,0.05937621484159911,1,0,25
nmdas_cca_3,-0.3581716677563415,0.08569584770311532,1,0,25
nmdas_cca_4,-0.4114575248240031,0.045760223086307145,1,0,25
nmdas_cca_5,-0.5162197977440589,0.009811884384023408,0.10000000000000002,0,25
nmdas_cca_6,-0.4991282172351249,0.013028131217078366,1,0,25
nmdas_cca_7,-0.6461272931853821,0.0006476801724808304,0.031224428230928563,1,25
nmdas_cca_8,-0.23575941040442974,0.26740947480611577,1,0,25
nmdas_cca_9,,,1,0,25
nmdas_cca_10,,,1,0,
nmdas_i_ii_iii_score_1,-0.6703602870945219,0.0003379111522030047,0.031224428230928563,1,25
nmdas_i_ii_iii_score_2,-0.6703602870945219,0.0003379111522030047,0.031224428230928563,1,25
nmdas_complete,-0.06455533187119883,0.7644174439820847,1,0,25
nmdas_height,,,1,0,
nmdas_fvc1,,,1,0,
nmdas_fvc2,,,1,0,
nmdas_fvc3,,,1,0,
nmdas_fvc_prdct,,,1,0,
nmdas_sf12v,,,1,0,
nmdas_sf12v_scald,,,1,0,
nmdas_sf12v_centile,,,1,0,
nmdas_wtar,,,1,0,
nmdas_wtar_scald,,,1,0,
nmdas_wtar_centile,,,1,0,
nmdas_symbolsrch,,,1,0,
nmdas_symbolsrch_scald,,,1,0,
nmdas_symbolsrch_centile,,,1,0,
nmdas_speachcompreh,,,1,0,
nmdas_speachcompreh_scald,,,1,0,
nmdas_speachcompreh_centile,,,1,0,
nmdas_diseas_scor,,,1,0,
nmdas_qol_scor,,,1,0,
nmdas_scoring_complete,,,1,0,19
