Variable,Hedges_g,Subcategory,P_Value,Mean_Control,Mean_Patient,SD_Control,SD_Patient,N_Control,N_Patient,FDR_PValue,PassFDR
day0_arm_2.neo_open,0.52,Psychological Factors,0.0104554950627878,42.68115942028985,38.975,6.91437707972902,7.2199421121338725,69,40,0.0334303987671789,1
day1_arm_2.compass_secretomotor,-0.9,Health/Symptoms,0.000109658091748434,1.49999997,3.8035713524999997,2.138193640500514,3.12560819854197,70,40,0.000770492381495576,1
day1_arm_2.pfs_phys,-0.98,Health/Symptoms,1.54728106018163e-05,15.342857142857143,24.595238095238095,8.02150319189346,11.251145250778835,70,42,0.000158893862718652,1
day1_arm_2.mfis_psy_sub,-0.99,Health/Symptoms,8.1639353987239e-06,1.9428571428571428,3.975,1.910199278516221,2.247363127231785,70,40,9.08237813108034e-05,1
day1_arm_2.mfis_cog_sub,-1,Health/Symptoms,9.99397808550026e-06,8.3,16.75,7.5954792046207364,9.596340114321897,70,40,0.000106735685953143,1
day1_arm_2.compass_total,-1.03,Health/Symptoms,4.66557691932732e-06,12.63577912,24.0617239575,10.190341217085438,12.337581970254,70,40,5.93194779743044e-05,1
day1_arm_2.compass_gastrointest,-1.13,Health/Symptoms,3.80491134114023e-07,3.2525508642857144,6.7410711050000005,2.9477249414030586,3.2724562732562488,70,40,6.77274218722962e-06,1
day1_arm_2.mfis_total,-1.19,Health/Symptoms,3.36004468248768e-07,17.2,37.35,15.1175107221653,19.351737482452155,70,40,6.40808521588722e-06,1
day1_arm_2.mfis_phy_sub,-1.23,Health/Symptoms,4.37944056963316e-07,6.957142857142857,16.625,6.627644595016152,9.572094859538323,70,40,7.30819145057533e-06,1
day1_arm_2.compass_pupillomotor,-1.3,Health/Symptoms,1.61703743312884e-07,0.8467714285714286,2.2810499999999996,0.904767472272289,1.3647896794857324,70,40,3.59790828871167e-06,1
day1_arm_2.fvc_predicted_average,0.52,Symptoms/Clinical Assessmnent,0.0111414091817406,95.4009661842029,87.22807017552631,15.847782850957618,15.400578216466675,69,38,0.0334303987671789,1
day1_arm_2.fev1_predicted_average,0.59,Symptoms/Clinical Assessmnent,0.00417749516127251,93.34057971028987,83.91228070052631,16.075049548659802,15.669001972851433,69,38,0.0160271585823011,1
day1_arm_2.dcf_sit_stand_time,0.7,Symptoms/Clinical Assessmnent,0.00149960716511172,21.28985507246377,16.605263157894736,6.2074467832533555,7.39809863697354,69,38,0.00704138802278914,1
day2_arm_2.cns_score_total,1.61,Symptoms/Clinical Assessmnent,9.86791044377888e-08,72.8529411764706,65.4125,1.840787517084824,7.193201473328649,68,40,2.39521098953542e-06,1
day2_arm_2.nmdas_i_ii_iii_score,-1.65,Symptoms/Clinical Assessmnent,7.20091363287702e-08,1.9705882352941178,15.875,2.911483123284928,13.259128447205239,68,40,1.92264393997816e-06,1
day2_arm_2.karnofsky_100,1.83,Symptoms/Clinical Assessmnent,0.000179277911308074,98.66666666666667,88.75,4.045199174779452,8.06225774829855,45,16,0.00115882309416974,1
day2_arm_2.cwi_inhib_scaled,0.480528561954978,Cognitive Processes,0.0171384675028469,11.1044776,9.525,2.83449706,3.88281883,67,40,0.0481681139290539,1
day2_arm_2.tm_ls_scaled,0.524568987029153,Cognitive Processes,0.0094433079455567,10.9253731,9.175,2.7977991,4.037564,67,40,0.0311279410057239,1
day2_arm_2.cwi_wr_scaled,0.575574436674525,Cognitive Processes,0.00452753379317005,10.3134328,8.575,2.60657069,3.56541435,67,40,0.0167896044830056,1
day2_arm_2.tm_ns_scaled,0.644987440465068,Cognitive Processes,0.00159392004865921,10.7424242,8.75,2.12175984,4.19248412,66,40,0.00709294421653349,1
biological_sample_arm_2b.chloride_serum,0.6,Cellular and Molecular,0.00584181609820057,103.81159420289855,102.47222222222223,2.164386629039716,2.348082635575687,69,36,0.0210779040299939,1
biological_sample_arm_2b.bun_serum,-0.69,Cellular and Molecular,0.00249197315744748,13.115942028985508,16.083333333333332,3.9390064135517364,4.8660632372145995,69,36,0.0103962005162262,1
biological_sample_arm_2b.hgba1c_edta1,-0.84,Cellular and Molecular,0.00189529314621667,5.147058823529412,5.654054054054054,0.34747300474347786,0.8943012774086676,68,37,0.00821265168421229,1
biological_sample_arm_2b.lactate_nmolul__t_10,-1.05,Cellular and Molecular,0.0015559621473579,0.7241963364,1.2171752544583334,0.3439695679753037,0.6501032344548806,50,24,0.00704138802278914,1
biological_sample_arm_2b.fgf21_s3_pgml,-1.34,Cellular and Molecular,1.81703352536729e-05,99.47584527817742,608.5332480194285,145.7324342627609,600.7085663032489,62,35,0.000179684426397432,1
biological_sample_arm_2b.gdf15_t_10,-1.7,Cellular and Molecular,1.48345232112459e-06,404.2064110634921,1372.5683649060604,165.0354672024131,942.9319213386256,63,33,2.20045427633481e-05,1
biological_sample_arm_2b.lymphabsolute_edta1,-0.51,Immune Regulation and Inflammation,0.0117749055530653,1.6499999999999997,1.8762162162162166,0.4597761603726958,0.41432241438650536,69,37,0.0349322198074269,1
cns_height,0.911390746503458,CNS(ItemLevel),0.00196238427979425,,,,,NaN,NaN,0.00831677147150896,1
cns_proximalstr_l,0.918170100717718,CNS(ItemLevel),5.50218787942162e-06,,,,,NaN,NaN,6.67765529002533e-05,1
cns_score_stancegait,0.92944456438968,CNS(ItemLevel),4.31815318347103e-06,,,,,NaN,NaN,5.76473449993382e-05,1
cns_score_cerebellarfunction,1.00485504306935,CNS(ItemLevel),8.18228759453646e-07,,,,,NaN,NaN,1.2851004633772e-05,1
cns_tndm_wlk_tst,1.18706076006787,CNS(ItemLevel),1.12234344443753e-08,,,,,NaN,NaN,3.32961888516467e-07,1
cns_eye_mvt,1.18706076006787,CNS(ItemLevel),1.12234344443753e-08,,,,,NaN,NaN,3.32961888516467e-07,1
cns_eyes,1.21259703505591,CNS(ItemLevel),5.99308247846382e-09,,,,,NaN,NaN,2.28593288821406e-07,1
cns_score_cranialnerves,1.25416750406594,CNS(ItemLevel),2.13259579511345e-09,,,,,NaN,NaN,1.42350769323823e-07,1
cns_crnl_nrv_iv,1.36898525191602,CNS(ItemLevel),1.14759224968107e-10,,,,,NaN,NaN,1.02135710221615e-08,1
cns_crnl_nrv_vi,1.43351205789679,CNS(ItemLevel),2.13860940389321e-11,,,,,NaN,NaN,2.85504355419744e-09,1
cns_crnl_nrv_iii,1.50050588378683,CNS(ItemLevel),3.64963819037538e-12,,,,,NaN,NaN,9.74453396830226e-10,1
x1_VisionWithUsualGlassesOrContactLeases,-0.770339183525207,NMDAS (ItemLevel),0.000100240746233812,,,,,NaN,NaN,0.000723358898498049,1
x2_HearingWithOrWithoutHearingAid,-0.772041523724668,NMDAS (ItemLevel),9.69740381310221e-05,,,,,NaN,NaN,0.000719224116138414,1
x6_Gastro_intestinalSymptoms,-0.79883360045888,NMDAS (ItemLevel),5.72152238202154e-05,,,,,NaN,NaN,0.000436470421714215,1
x7_DiabetesMellitus,-0.799508582092992,NMDAS (ItemLevel),4.07854852510511e-05,,,,,NaN,NaN,0.000340303892563458,1
x4_Swallowing,-0.80570477032101,NMDAS (ItemLevel),4.98816398234604e-05,,,,,NaN,NaN,0.000403587813117089,1
x6_CerebellarAtaxia,-0.817385410958182,NMDAS (ItemLevel),3.94395861836118e-05,,,,,NaN,NaN,0.000339689339065302,1
x5_Myopathy,-0.901513587325357,NMDAS (ItemLevel),6.83478332859826e-06,,,,,NaN,NaN,7.93429195102494e-05,1
x10_GaitStability,-0.943568063361685,NMDAS (ItemLevel),2.73964900937334e-06,,,,,NaN,NaN,3.84992781843517e-05,1
x9_ExerciseTolerance_,-1.06180571523961,NMDAS (ItemLevel),1.85532110160601e-07,,,,,NaN,NaN,3.81054410868311e-06,1
x2_Ptosis,-1.2136986306148,NMDAS (ItemLevel),4.65345160083146e-09,,,,,NaN,NaN,2.07078596237e-07,1
x3_ChronicProgressiveExternalOphthalmoplegia,-1.2335218229999,NMDAS (ItemLevel),2.83084464407001e-09,,,,,NaN,NaN,1.51167103993339e-07,1
