Variable,Category,g,M (Controls),SD (Controls),N (Controls),M (Patients),SD (Patients),N (Patients),p,q (FDR)
stai_y1_state_total,Psychological Factors,0.10,36.54,12.44,69,35.33,9.67,40,0.5729,0.7370
stai_y1_trait_total,Psychological Factors,-0.06,40.54,12.84,69,41.23,10.73,40,0.7647,0.8866
bdi_total,Psychological Factors,-0.27,7.94,8.32,69,10.25,8.78,40,0.1816,0.3515
mbi_total,Psychological Factors,-0.23,6.49,2.43,69,7.05,2.42,39,0.2549,0.4337
mbi_ineff,Psychological Factors,-0.05,4.33,1.53,69,4.41,1.47,39,0.7980,0.9101
mbi_cyn,Psychological Factors,-0.00,1.92,1.45,69,1.93,1.52,39,0.9828,0.9876
mbi_exhaus,Psychological Factors,-0.44,1.96,1.44,69,2.62,1.59,39,0.0349,0.1252
pcl_total,Psychological Factors,-0.23,30.01,12.33,69,32.83,11.40,40,0.2319,0.4130
dsm_5_cross_cutting,Psychological Factors,-0.03,12.14,12.23,63,12.54,9.89,35,0.8608,0.9509
dsm_5_neg_aff,Psychological Factors,-0.21,3.38,3.29,66,4.05,2.95,39,0.2821,0.4651
dsm_5_detachment,Psychological Factors,0.13,2.85,3.00,67,2.46,2.90,39,0.5126,0.6717
dsm_5_antagonism,Psychological Factors,0.05,1.41,2.13,68,1.32,1.28,38,0.7725,0.8907
dsm_5_disinhibition,Psychological Factors,0.29,2.59,3.31,68,1.69,2.49,39,0.1169,0.2602
dsm_5_psychoticism,Psychological Factors,0.14,2.35,3.24,69,1.95,2.22,38,0.4525,0.6348
dsm_5_substance,Psychological Factors,-0.56,1.71,1.89,7,3.33,4.04,3,0.5654,0.7319
dsm_5_somatic,Psychological Factors,-0.33,10.12,5.91,8,12.00,5.25,14,0.4695,0.6348
dsm_5_sleep_dist,Psychological Factors,-0.03,27.47,6.84,19,27.71,7.08,14,0.9227,0.9678
dsm_5_repetitiv,Psychological Factors,1.56,10.40,3.84,10,3.67,4.73,3,0.1143,0.2593
dsm_5_mania,Psychological Factors,-0.50,8.90,3.55,21,10.83,4.31,6,0.3488,0.5333
dsm_5_depre,Psychological Factors,0.57,24.00,6.01,22,19.93,8.32,15,0.1171,0.2602
dsm_5_anx,Psychological Factors,0.25,20.61,6.06,23,19.06,6.29,16,0.4489,0.6348
dsm_5_anger,Psychological Factors,0.05,14.33,4.36,12,14.10,4.68,10,0.9056,0.9578
pss_total,Psychological Factors,-0.03,17.14,7.35,69,17.35,6.26,40,0.8775,0.9577
tics_total_score,Psychological Factors,-0.36,45.20,19.28,69,51.98,17.27,40,0.0620,0.1700
dhs_score,Psychological Factors,-0.29,64.57,17.95,69,70.00,18.97,40,0.1455,0.3039
neo_neuro,Psychological Factors,0.09,33.74,10.33,69,32.85,8.99,40,0.6390,0.7931
neo_extra,Psychological Factors,0.28,40.71,6.45,69,38.80,7.21,40,0.1703,0.3422
neo_open,Psychological Factors,0.52,45.17,7.30,69,41.33,7.35,40,0.0099,0.0464
neo_agree,Psychological Factors,0.02,43.65,5.55,69,43.52,4.41,40,0.8956,0.9578
neo_cons,Psychological Factors,0.00,44.61,8.44,69,44.58,7.57,40,0.9829,0.9876
mpss_score,Social and Environmental,-0.15,82.13,12.53,69,84.20,15.80,40,0.4808,0.6403
ssq_s,Social and Environmental,-0.23,30.24,6.92,70,31.69,4.84,35,0.2179,0.3997
ssq_n,Social and Environmental,-0.41,22.40,12.12,70,27.38,12.31,40,0.0436,0.1436
ctq_ea,Social and Environmental,-0.02,8.62,4.53,69,8.69,4.60,39,0.9401,0.9723
ctq_pa,Social and Environmental,-0.02,6.10,2.20,69,6.15,2.24,39,0.9069,0.9578
ctq_sa,Social and Environmental,-0.03,6.04,3.55,69,6.15,3.71,39,0.8805,0.9577
ctq_en,Social and Environmental,0.18,10.78,5.88,69,9.79,4.76,39,0.3447,0.5333
ctq_pn,Social and Environmental,0.21,7.01,2.79,69,6.46,2.22,39,0.2613,0.4410
ctq_md,Social and Environmental,-0.04,0.45,0.93,69,0.49,0.79,39,0.8232,0.9338
leq_positive_events_score,Social and Environmental,0.12,11.81,10.32,57,10.60,10.16,30,0.6022,0.7608
leq_negative_events_score,Social and Environmental,0.14,6.49,7.54,61,5.50,6.13,36,0.4825,0.6403
leq_total_events_score,Social and Environmental,0.07,22.54,15.69,67,21.31,19.38,39,0.7371,0.8593
l_cat,Health Behaviors,0.38,3.60,1.32,70,3.08,1.47,40,0.0663,0.1771
ipaq_total_met,Health Behaviors,-0.05,4145.68,3739.07,69,4370.09,5866.84,39,0.8302,0.9362
ipaq_intensity,Health Behaviors,0.33,2.39,0.67,70,2.15,0.80,40,0.1200,0.2610
scor_abp1_psqi_global,Health Behaviors,-0.37,6.09,3.38,68,7.46,4.22,39,0.0868,0.2180
mfis_phy_sub,Health/Symptoms,-1.23,6.96,6.63,70,16.62,9.57,40,0.0000,0.0000
mfis_cog_sub,Health/Symptoms,-1.00,8.30,7.60,70,16.75,9.60,40,0.0000,0.0001
mfis_psy_sub,Health/Symptoms,-0.99,1.94,1.91,70,3.98,2.25,40,0.0000,0.0001
mfis_total,Health/Symptoms,-1.19,17.20,15.12,70,37.35,19.35,40,0.0000,0.0000
compass_orth_int,Health/Symptoms,-0.43,6.46,8.12,70,10.00,8.50,40,0.0357,0.1252
compass_vasomotor,Health/Symptoms,-0.50,0.07,0.42,70,0.46,1.15,40,0.0456,0.1480
compass_secretomotor,Health/Symptoms,-0.90,1.50,2.14,70,3.80,3.13,40,0.0001,0.0009
compass_gastrointest,Health/Symptoms,-1.13,3.25,2.95,70,6.74,3.27,40,0.0000,0.0000
compass_bladded,Health/Symptoms,-0.25,0.51,1.03,70,0.78,1.19,40,0.2329,0.4130
compass_pupillomotor,Health/Symptoms,-1.30,0.85,0.90,70,2.28,1.36,40,0.0000,0.0000
compass_total,Health/Symptoms,-1.03,12.64,10.19,70,24.06,12.34,40,0.0000,0.0001
bipq_cog_ill_rep,Health/Symptoms,—,—,—,0,26.73,7.90,37,—,—
bipq_emo_rep,Health/Symptoms,—,—,—,0,10.24,4.60,37,—,—
bipq_ill_compreh,Health/Symptoms,—,—,—,0,3.51,2.49,37,—,—
pfs_phys,Health/Symptoms,-0.91,15.34,8.02,70,23.32,9.92,40,0.0000,0.0004
pfs_mental,Health/Symptoms,-0.30,14.03,9.33,70,17.07,11.57,40,0.1596,0.3301
mcc_score,Health/Symptoms,-0.21,74.99,34.06,69,82.30,36.92,40,0.3084,0.4968
dcf_sit_stand_time,Symptoms/Clinical Assessmnent,0.70,21.29,6.21,69,16.61,7.40,38,0.0015,0.0099
dcf_bodyfat_avg,Symptoms/Clinical Assessmnent,0.01,27.91,9.98,67,27.84,9.91,40,0.9720,0.9876
fat_free_mass,Symptoms/Clinical Assessmnent,0.14,47.56,25.90,67,43.87,24.62,40,0.4639,0.6348
hip_waist_circum_ratio,Symptoms/Clinical Assessmnent,0.20,1.14,0.10,69,1.12,0.13,40,0.3573,0.5410
dcg_adj_wgt,Symptoms/Clinical Assessmnent,0.34,162.22,37.01,70,148.77,43.96,40,0.1072,0.2542
fev1_average,Symptoms/Clinical Assessmnent,0.42,3.19,0.68,69,2.88,0.85,38,0.0569,0.1670
fev1_predicted_average,Symptoms/Clinical Assessmnent,0.59,93.34,16.08,69,83.91,15.67,38,0.0042,0.0232
fvc_average,Symptoms/Clinical Assessmnent,0.29,3.96,0.80,69,3.69,1.16,38,0.1946,0.3700
fvc_predicted_average,Symptoms/Clinical Assessmnent,0.52,95.40,15.85,69,87.23,15.40,38,0.0111,0.0500
fev1fvc_average,Symptoms/Clinical Assessmnent,0.45,80.62,6.89,69,77.34,7.95,38,0.0362,0.1252
fev1_fvc_1_predicted_average,Symptoms/Clinical Assessmnent,0.45,80.62,6.89,69,77.34,7.95,38,0.0362,0.1252
met_ree_d2,Systemic Energy Metabolism,0.33,1569.58,399.73,45,1439.16,376.07,19,0.2216,0.4031
met_vo2_d2,Systemic Energy Metabolism,0.45,228.96,58.43,45,200.26,71.29,19,0.1324,0.2822
respiratory_rate_rr_breaths_min,Systemic Energy Metabolism,0.48,12.07,4.47,42,9.79,5.11,18,0.1122,0.2593
met_feo2_d2,Systemic Energy Metabolism,-0.07,16.64,0.76,45,16.69,1.12,19,0.8341,0.9362
met_tidal_d2,Systemic Energy Metabolism,-0.37,0.72,0.35,45,0.86,0.42,19,0.2095,0.3877
met_ve_d2,Systemic Energy Metabolism,0.04,7.47,2.61,45,7.37,2.68,19,0.8902,0.9578
met_vo2_kg_d2,Systemic Energy Metabolism,-0.06,3.11,0.75,45,3.16,1.03,19,0.8575,0.9509
vf_c1_lf_cor_scaled,Cognitive Processes,0.33,11.70,3.36,67,10.53,3.94,40,0.1194,0.2610
vf_c1_cf_cor_scaled,Cognitive Processes,0.19,11.70,3.47,67,11.00,3.85,40,0.3473,0.5333
vf_c1_cs_cor_scaled,Cognitive Processes,0.40,12.33,3.70,67,10.72,4.36,39,0.0569,0.1670
vf_c1_cs_tsa_scaled,Cognitive Processes,0.21,12.06,3.19,67,11.36,3.67,39,0.3233,0.5163
nab_shl_irg_perc,Cognitive Processes,0.09,65.91,24.78,67,63.72,25.00,39,0.6634,0.8045
nab_shl_drg_perc,Cognitive Processes,0.40,62.74,24.26,66,52.10,29.11,39,0.0587,0.1672
rbans_cd_scaled,Cognitive Processes,0.46,9.62,3.36,66,7.77,4.94,39,0.0426,0.1425
rbans_ll_scaled,Cognitive Processes,0.14,10.81,3.21,67,10.35,3.39,40,0.4945,0.6521
nab_snl_spd_perc,Cognitive Processes,0.48,51.82,29.21,66,37.22,32.71,36,0.0288,0.1126
tm_ns_scaled,Cognitive Processes,0.64,10.74,2.12,66,8.75,4.19,40,0.0073,0.0364
tm_ls_scaled,Cognitive Processes,0.52,10.93,2.80,67,9.18,4.04,40,0.0186,0.0755
tm_nls_scaled,Cognitive Processes,0.41,10.42,3.07,67,8.97,4.08,40,0.0574,0.1670
nab_sdgf_perc,Cognitive Processes,0.43,54.48,30.06,67,41.74,29.11,39,0.0349,0.1252
nab_sdgb_perc,Cognitive Processes,0.23,58.36,30.15,66,51.41,31.39,39,0.2692,0.4508
cwi_cn_scaled,Cognitive Processes,0.26,9.06,3.13,67,8.18,3.66,40,0.2065,0.3877
cwi_wr_scaled,Cognitive Processes,0.58,10.31,2.61,67,8.57,3.57,40,0.0092,0.0453
cwi_inhib_scaled,Cognitive Processes,0.48,11.10,2.83,67,9.53,3.88,40,0.0285,0.1126
cwi_inh_cn_scaled,Cognitive Processes,0.25,11.78,3.27,67,11.03,2.44,40,0.1796,0.3515
st_free_corsort_scaled,Cognitive Processes,-0.27,11.63,2.97,67,12.47,3.24,34,0.2086,0.3877
topf_standrd_score,Cognitive Processes,0.08,110.63,12.39,67,109.62,12.67,39,0.6905,0.8278
wasi_full_sum_c,Cognitive Processes,0.10,109.99,15.35,67,108.38,16.69,40,0.6204,0.7745
nmdas_i_ii_iii_score,Symptoms/Clinical Assessmnent,-1.65,1.97,2.91,68,15.88,13.26,40,0.0000,0.0000
cns_score_total,Symptoms/Clinical Assessmnent,1.61,72.85,1.84,68,65.41,7.19,40,0.0000,0.0000
karnofsky_100,Symptoms/Clinical Assessmnent,1.83,98.67,4.05,45,88.75,8.06,16,0.0002,0.0014
psychophysiology_arm_2.hr_avg_p5_300s,Stress Reactivity Systems,-0.42,74.60,11.18,55,79.65,13.14,37,0.0594,0.1672
psychophysiology_arm_2.hr_avg_p10_300s,Stress Reactivity Systems,-0.31,74.45,10.72,58,78.13,13.04,35,0.1640,0.3328
psychophysiology_arm_2.hr_avg_p5_60s_1,Stress Reactivity Systems,-0.22,78.18,13.92,67,81.38,15.86,39,0.2989,0.4889
psychophysiology_arm_2.hr_avg_p5_60s_2,Stress Reactivity Systems,-0.34,73.93,13.19,67,78.52,13.70,37,0.1015,0.2435
psychophysiology_arm_2.respr_count_p5_60s_1,Stress Reactivity Systems,0.17,19.78,4.17,68,19.06,4.12,34,0.4071,0.5883
psychophysiology_arm_2.respr_count_p5_60s_2,Stress Reactivity Systems,0.15,18.92,4.11,68,18.30,4.11,35,0.4723,0.6348
psychophysiology_arm_2.hr_avg_p10_60s_1,Stress Reactivity Systems,-0.24,75.51,12.39,69,78.52,12.69,39,0.2363,0.4156
psychophysiology_arm_2.hr_avg_p10_60s_2,Stress Reactivity Systems,-0.31,73.14,11.68,65,76.86,12.69,39,0.1403,0.2960
psychophysiology_arm_2.respr_count_p10_60s_1,Stress Reactivity Systems,-0.16,19.59,3.72,68,20.21,4.22,35,0.4655,0.6348
psychophysiology_arm_2.respr_count_p10_60s_2,Stress Reactivity Systems,0.00,19.09,3.68,68,19.10,4.22,36,0.9912,0.9912
biological_sample_arm_2b.ln_nd1_copies_ul_saliva_m5,Energetics,0.47,7.04,1.93,60,6.13,1.84,30,0.0337,0.1252
biological_sample_arm_2b.ln_b2m_copies_ul_saliva_m5,Energetics,0.44,3.88,1.68,55,3.14,1.56,23,0.0701,0.1804
biological_sample_arm_2b.ln_nd1_copies_ul_saliva_5,Energetics,0.41,8.14,1.69,60,7.45,1.75,33,0.0662,0.1771
biological_sample_arm_2b.ln_b2m_copies_ul_saliva_5,Energetics,0.53,4.66,1.78,53,3.76,1.45,30,0.0155,0.0641
biological_sample_arm_2b.ln_nd1_copies_ul_saliva_10,Energetics,0.35,8.20,2.03,61,7.48,2.07,32,0.1140,0.2593
biological_sample_arm_2b.ln_b2m_copies_ul_saliva_10,Energetics,0.40,4.58,1.93,57,3.82,1.81,29,0.0756,0.1921
biological_sample_arm_2b.ln_nd1_copies_ul_saliva_20,Energetics,0.60,8.01,2.06,59,6.78,1.98,32,0.0068,0.0350
biological_sample_arm_2b.ln_b2m_copies_ul_saliva_20,Energetics,0.55,4.50,2.08,54,3.37,1.88,30,0.0140,0.0589
biological_sample_arm_2b.ln_nd1_copies_ul_saliva_30,Energetics,0.46,7.71,2.20,64,6.71,2.08,33,0.0308,0.1182
biological_sample_arm_2b.ln_b2m_copies_ul_saliva_30,Energetics,0.43,4.37,2.03,59,3.52,1.68,27,0.0478,0.1528
biological_sample_arm_2b.ln_nd1_copies_ul_saliva_60,Energetics,0.40,7.68,2.09,63,6.87,1.91,32,0.0619,0.1700
biological_sample_arm_2b.ln_b2m_copies_ul_saliva_60,Energetics,0.42,4.29,2.02,59,3.47,1.73,27,0.0578,0.1670
biological_sample_arm_2b.ln_nd1_copies_ul_saliva_90,Energetics,0.40,7.46,1.99,63,6.65,2.04,32,0.0698,0.1804
biological_sample_arm_2b.ln_b2m_copies_ul_saliva_90,Energetics,0.44,4.29,1.89,54,3.45,1.87,29,0.0562,0.1670
biological_sample_arm_2b.ln_nd1_copies_ul_saliva_120,Energetics,0.56,7.21,1.99,65,6.14,1.66,32,0.0067,0.0350
biological_sample_arm_2b.ln_b2m_copies_ul_saliva_120,Energetics,0.38,4.03,1.83,55,3.36,1.51,23,0.0988,0.2408
biological_sample_arm_2b.ln_nd1_copies_ul_serum_m5,Energetics,0.19,7.95,1.09,65,7.73,1.21,33,0.3953,0.5755
biological_sample_arm_2b.ln_b2m_copies_ul_serum_m5,Energetics,0.26,3.33,0.79,65,3.09,1.12,33,0.2747,0.4564
biological_sample_arm_2b.ln_nd1_copies_ul_serum_5,Energetics,0.19,7.92,1.05,64,7.71,1.21,34,0.3835,0.5677
biological_sample_arm_2b.ln_b2m_copies_ul_serum_5,Energetics,0.17,3.39,0.79,64,3.23,1.08,33,0.4693,0.6348
biological_sample_arm_2b.ln_nd1_copies_ul_serum_10,Energetics,0.02,7.91,1.09,63,7.89,1.20,35,0.9266,0.9678
biological_sample_arm_2b.ln_b2m_copies_ul_serum_10,Energetics,0.27,3.30,0.78,63,3.07,1.01,35,0.2424,0.4193
biological_sample_arm_2b.ln_nd1_copies_ul_serum_20,Energetics,0.03,7.96,1.07,63,7.94,1.19,34,0.9079,0.9578
biological_sample_arm_2b.ln_b2m_copies_ul_serum_20,Energetics,0.17,3.23,0.83,63,3.08,1.00,34,0.4405,0.6279
biological_sample_arm_2b.ln_nd1_copies_ul_serum_30,Energetics,0.10,8.03,1.12,62,7.92,1.23,33,0.6623,0.8045
biological_sample_arm_2b.ln_b2m_copies_ul_serum_30,Energetics,0.38,3.30,0.82,62,2.96,0.99,33,0.0993,0.2408
biological_sample_arm_2b.ln_nd1_copies_ul_serum_60,Energetics,0.08,8.17,1.11,61,8.08,1.13,31,0.7048,0.8402
biological_sample_arm_2b.ln_b2m_copies_ul_serum_60,Energetics,0.28,3.51,0.87,61,3.24,1.08,31,0.2457,0.4214
biological_sample_arm_2b.ln_nd1_copies_ul_serum_90,Energetics,-0.01,8.18,1.12,62,8.19,1.21,30,0.9688,0.9876
biological_sample_arm_2b.ln_b2m_copies_ul_serum_90,Energetics,0.30,3.53,0.99,62,3.23,0.99,30,0.1805,0.3515
biological_sample_arm_2b.ln_b2m_copies_ul_serum_120,Energetics,0.21,3.59,0.88,63,3.39,1.02,31,0.3589,0.5410
biological_sample_arm_2b.ln_nd1_copies_ul_serum_120,Energetics,0.08,8.17,1.22,63,8.07,1.33,31,0.7212,0.8501
biological_sample_arm_2b.ln_nd1_copies_ul_plasma_m5,Energetics,0.09,8.35,0.83,64,8.27,0.78,34,0.6490,0.8008
biological_sample_arm_2b.ln_b2m_copies_ul_plasma_m5,Energetics,-0.03,1.91,0.67,62,1.93,0.63,33,0.8984,0.9578
biological_sample_arm_2b.ln_nd1_copies_ul_plasma_5,Energetics,0.07,8.28,0.86,63,8.22,0.80,34,0.7181,0.8501
biological_sample_arm_2b.ln_b2m_copies_ul_plasma_5,Energetics,0.13,1.90,0.69,62,1.81,0.67,32,0.5532,0.7205
biological_sample_arm_2b.ln_nd1_copies_ul_plasma_10,Energetics,0.26,8.22,0.86,62,8.00,0.79,32,0.2238,0.4037
biological_sample_arm_2b.ln_b2m_copies_ul_plasma_10,Energetics,0.11,1.89,0.71,61,1.80,0.75,30,0.6117,0.7682
biological_sample_arm_2b.ln_nd1_copies_ul_plasma_20,Energetics,0.15,8.36,0.91,62,8.23,0.81,32,0.4662,0.6348
biological_sample_arm_2b.ln_b2m_copies_ul_plasma_20,Energetics,0.22,2.00,0.80,61,1.83,0.82,32,0.3255,0.5163
biological_sample_arm_2b.ln_nd1_copies_ul_plasma_30,Energetics,0.25,8.15,0.86,62,7.94,0.82,33,0.2417,0.4193
biological_sample_arm_2b.ln_b2m_copies_ul_plasma_30,Energetics,-0.12,1.93,0.66,60,2.07,1.79,31,0.6673,0.8046
biological_sample_arm_2b.ln_nd1_copies_ul_plasma_60,Energetics,0.19,8.21,0.73,61,8.06,0.87,30,0.4202,0.6032
biological_sample_arm_2b.ln_b2m_copies_ul_plasma_60,Energetics,-0.01,1.88,0.64,59,1.89,0.69,30,0.9619,0.9876
biological_sample_arm_2b.ln_nd1_copies_ul_plasma_90,Energetics,0.21,8.23,0.80,62,8.06,0.87,31,0.3459,0.5333
biological_sample_arm_2b.ln_b2m_copies_ul_plasma_90,Energetics,0.43,1.97,0.64,61,1.68,0.69,29,0.0677,0.1786
biological_sample_arm_2b.ln_nd1_copies_ul_plasma_120,Energetics,0.01,8.11,0.85,63,8.10,0.77,31,0.9780,0.9876
biological_sample_arm_2b.ln_b2m_copies_ul_plasma_120,Energetics,0.24,2.03,0.62,61,1.87,0.74,30,0.3029,0.4916
biological_sample_arm_2b.hgba1c_edta1,Cellular and Molecular,-0.84,5.15,0.35,68,5.65,0.89,37,0.0019,0.0111
biological_sample_arm_2b.glucose_serum,Cellular and Molecular,-0.46,92.49,9.12,69,106.86,52.09,36,0.1093,0.2562
biological_sample_arm_2b.cholesterol_serum,Cellular and Molecular,-0.40,178.20,40.47,69,193.83,36.82,36,0.0496,0.1561
biological_sample_arm_2b.insulin_serum,Cellular and Molecular,-0.47,8.30,6.43,68,13.25,15.76,32,0.0959,0.2380
biological_sample_arm_2b.sodium_serum,Cellular and Molecular,-0.04,140.12,1.84,69,140.19,2.19,36,0.8546,0.9509
biological_sample_arm_2b.potassium_serum,Cellular and Molecular,-0.13,4.45,0.32,69,4.51,0.67,36,0.5935,0.7590
biological_sample_arm_2b.chloride_serum,Cellular and Molecular,0.60,103.81,2.16,69,102.47,2.35,36,0.0058,0.0316
biological_sample_arm_2b.co2_serum,Cellular and Molecular,0.07,25.77,2.46,69,25.58,2.59,36,0.7253,0.8502
biological_sample_arm_2b.bun_serum,Cellular and Molecular,-0.69,13.12,3.94,69,16.08,4.87,36,0.0025,0.0142
biological_sample_arm_2b.creatinine_serum,Cellular and Molecular,0.32,0.83,0.15,69,0.77,0.21,36,0.1638,0.3328
biological_sample_arm_2b.albumin_serum,Cellular and Molecular,-0.30,4.61,0.26,69,4.70,0.36,36,0.1847,0.3542
biological_sample_arm_2b.calcium_serum,Cellular and Molecular,0.03,9.49,0.32,69,9.48,0.41,36,0.8772,0.9577
biological_sample_arm_2b.triglycerides_serum,Cellular and Molecular,-0.47,87.94,66.29,69,121.86,82.69,36,0.0374,0.1272
biological_sample_arm_2b.hdl_serum,Cellular and Molecular,0.17,61.12,16.88,69,58.19,16.49,36,0.3955,0.5755
biological_sample_arm_2b.cpeptide_serum,Cellular and Molecular,-0.22,1.42,0.68,69,1.59,0.99,31,0.3848,0.5677
biological_sample_arm_2b.wbc_edta1,Immune Regulation and Inflammation,-0.32,5.56,1.63,69,6.10,1.72,37,0.1251,0.2693
biological_sample_arm_2b.neutroabsolute_edta1,Immune Regulation and Inflammation,-0.20,3.24,1.31,69,3.52,1.44,37,0.3373,0.5312
biological_sample_arm_2b.lymphabsolute_edta1,Immune Regulation and Inflammation,-0.51,1.65,0.46,69,1.88,0.41,37,0.0118,0.0518
biological_sample_arm_2b.monoabsolute_edta1,Immune Regulation and Inflammation,-0.11,0.46,0.12,69,0.47,0.15,37,0.5976,0.7596
biological_sample_arm_2b.eosabsolute_edta1,Immune Regulation and Inflammation,-0.05,0.16,0.14,69,0.16,0.12,37,0.7951,0.9101
biological_sample_arm_2b.basoabsolute_edta1,Immune Regulation and Inflammation,-0.02,0.05,0.05,69,0.05,0.03,37,0.9324,0.9691
biological_sample_arm_2b.fibrinogen_blue,Immune Regulation and Inflammation,-0.20,289.19,60.83,67,301.63,67.04,35,0.3623,0.5422
biological_sample_arm_2b.crp_serum,Immune Regulation and Inflammation,-0.11,1.96,2.82,66,2.43,5.95,35,0.6596,0.8045
biological_sample_arm_2b.scr_max_sc_5_min,Stress Reactivity Systems,-0.32,7.13,3.88,52,8.54,5.00,32,0.1763,0.3509
biological_sample_arm_2b.scr_max_sc_10_min,Stress Reactivity Systems,-0.17,7.48,4.63,50,8.33,5.25,30,0.4664,0.6348
biological_sample_arm_2b.fgf21_fasting_pgml,Cellular and Molecular,-0.87,234.99,345.29,65,657.79,668.22,34,0.0013,0.0086
biological_sample_arm_2b.fgf21_s1_pgml,Cellular and Molecular,-1.27,109.01,152.67,65,567.82,580.42,33,0.0001,0.0007
biological_sample_arm_2b.fgf21_s2_pgml,Cellular and Molecular,-1.42,103.77,151.52,64,594.72,546.91,34,0.0000,0.0001
biological_sample_arm_2b.fgf21_s3_pgml,Cellular and Molecular,-1.34,99.48,145.73,62,608.53,600.71,35,0.0000,0.0002
biological_sample_arm_2b.fgf21_s4_pgml,Cellular and Molecular,-1.32,99.77,150.26,62,565.67,553.99,34,0.0000,0.0003
biological_sample_arm_2b.fgf21_s5_pgml,Cellular and Molecular,-1.35,98.64,151.28,62,568.87,549.60,33,0.0000,0.0003
biological_sample_arm_2b.fgf21_s6_pgml,Cellular and Molecular,-1.34,106.02,161.76,61,643.75,652.89,31,0.0001,0.0007
biological_sample_arm_2b.fgf21_s7_pgml,Cellular and Molecular,-1.29,111.98,179.16,61,682.04,730.54,29,0.0003,0.0019
biological_sample_arm_2b.fgf21_s8_pgml,Cellular and Molecular,-1.27,105.83,185.73,63,678.43,739.01,31,0.0002,0.0014
biological_sample_arm_2b.gdf15_t_fasting1,Cellular and Molecular,-1.57,436.97,196.48,68,1534.62,1200.21,32,0.0000,0.0001
biological_sample_arm_2b.gdf15_t_minus5,Cellular and Molecular,-1.72,385.27,157.77,65,1406.12,983.11,34,0.0000,0.0000
biological_sample_arm_2b.gdf15_t_5,Cellular and Molecular,-1.74,395.35,164.50,64,1371.98,921.34,34,0.0000,0.0000
biological_sample_arm_2b.gdf15_t_10,Cellular and Molecular,-1.70,404.21,165.04,63,1372.57,942.93,33,0.0000,0.0000
biological_sample_arm_2b.gdf15_t_20,Cellular and Molecular,-1.87,395.98,171.24,63,1427.93,918.28,32,0.0000,0.0000
biological_sample_arm_2b.gdf15_t_30,Cellular and Molecular,-1.69,382.09,162.83,62,1379.35,973.31,33,0.0000,0.0000
biological_sample_arm_2b.gdf15_t_60,Cellular and Molecular,-1.71,406.78,182.92,61,1395.11,969.21,30,0.0000,0.0001
biological_sample_arm_2b.gdf15_t_90,Cellular and Molecular,-1.69,412.69,195.19,62,1453.23,1026.61,31,0.0000,0.0001
biological_sample_arm_2b.gdf15_t_120,Cellular and Molecular,-1.57,415.74,210.30,63,1422.91,1071.36,31,0.0000,0.0001
biological_sample_arm_2b.lactate_nmolul__t_m5,Cellular and Molecular,-1.15,0.68,0.30,50,1.15,0.57,24,0.0007,0.0046
biological_sample_arm_2b.lactate_nmolul__t_5,Cellular and Molecular,-1.01,0.79,0.35,50,1.25,0.61,24,0.0017,0.0104
biological_sample_arm_2b.lactate_nmolul__t_10,Cellular and Molecular,-1.05,0.72,0.34,50,1.22,0.65,24,0.0016,0.0099
biological_sample_arm_2b.lactate_nmolul__t_20,Cellular and Molecular,-1.05,0.60,0.35,50,1.11,0.67,24,0.0017,0.0104
biological_sample_arm_2b.lactate_nmolul__t_30,Cellular and Molecular,-0.70,0.68,0.49,50,1.06,0.62,24,0.0122,0.0524
biological_sample_arm_2b.lactate_nmolul__t_60,Cellular and Molecular,-0.82,0.60,0.36,50,1.01,0.69,24,0.0108,0.0496
biological_sample_arm_2b.lactate_nmolul__t_90,Cellular and Molecular,-0.62,0.48,0.33,50,0.77,0.67,24,0.0518,0.1606
biological_sample_arm_2b.lactate_nmolul__t_120,Cellular and Molecular,-0.91,0.47,0.24,50,0.86,0.66,24,0.0098,0.0464
