variable,category,n_control,n_patient,mean_control,mean_patient,sd_control,sd_patient,g,p_welch,q,validation
stai_y1_state_total,Psychological Factors,69,40,36.53623188405797,35.325,12.444677234659435,9.672555677448091,0.10447684608488568,0.5728511291388172,0.7370218795627466,Recalculated from participant records
stai_y1_trait_total,Psychological Factors,69,40,40.53623188405797,41.225,12.842461407544217,10.726166184878966,-0.06,0.764742619783613,0.8865972130458372,Participant records reproduce original descriptives
bdi_total,Psychological Factors,69,40,7.942028985507246,10.25,8.317034358986337,8.784455968736292,-0.27,0.1815782817710325,0.35149557296961337,Participant records reproduce original descriptives
mbi_total,Psychological Factors,69,39,6.490821256014493,7.047863247974358,2.4288764182380267,2.4219125748795194,-0.23,0.2548790892958884,0.4337055471083262,Original summary retained; exact raw variable absent
mbi_ineff,Psychological Factors,69,39,4.333333333333333,4.410256410256411,1.530730954446914,1.4746622935072413,-0.050552010367759706,0.7979707464369593,0.9101179864767481,Recalculated from participant records
mbi_cyn,Psychological Factors,69,39,1.9217391304347826,1.9282051282051287,1.4455682340109668,1.515177376788244,-0.004364765774700864,0.9827793785056295,0.9876038994479901,Recalculated from participant records
mbi_exhaus,Psychological Factors,69,39,1.9555555555555582,2.617948717948716,1.4419901220128282,1.5896935258322185,-0.43945452319385914,0.03489205058666975,0.12524375773837262,Recalculated from participant records
pcl_total,Psychological Factors,69,40,30.014492753623188,32.825,12.327030024471078,11.397002529905249,-0.23,0.23188197431529303,0.4129527527188293,Participant records reproduce original descriptives
dsm_5_cross_cutting,Psychological Factors,63,35,12.142857142857142,12.542857142857143,12.23144696799506,9.891597316864027,-0.03,0.8607873683559597,0.9509221713251702,Original summary retained; exact raw variable absent
dsm_5_neg_aff,Psychological Factors,66,39,3.378787878787879,4.051282051282051,3.2852357438658624,2.946440474705904,-0.21,0.2821411682984548,0.4650920821169841,Original summary retained; exact raw variable absent
dsm_5_detachment,Psychological Factors,67,39,2.8507462686567164,2.4615384615384617,3.001281197852735,2.9005095182720995,0.13,0.5125570721648753,0.6717362871229111,Original summary retained; exact raw variable absent
dsm_5_antagonism,Psychological Factors,68,38,1.411764705882353,1.3157894736842106,2.1317450921346595,1.2756612097451125,0.05,0.7725230217229657,0.8907232654838566,Original summary retained; exact raw variable absent
dsm_5_disinhibition,Psychological Factors,68,39,2.588235294117647,1.6923076923076923,3.310928508077669,2.4937168006374297,0.29,0.11685959186739066,0.26018948267540404,Original summary retained; exact raw variable absent
dsm_5_psychoticism,Psychological Factors,69,38,2.347826086956522,1.9473684210526316,3.2441172412833383,2.2172221288597913,0.14,0.45247476959540317,0.6347620017248269,Participant records reproduce original descriptives
dsm_5_substance,Psychological Factors,7,3,1.7142857142857142,3.3333333333333335,1.889822365046136,4.041451884327381,-0.56,0.5654190135888763,0.7319227721917355,Original summary retained; exact raw variable absent
dsm_5_somatic,Psychological Factors,8,14,10.125,12.0,5.914570386523678,5.24771012332632,-0.33,0.46945649605856643,0.6347620017248269,Original summary retained; exact raw variable absent
dsm_5_sleep_dist,Psychological Factors,19,14,27.473684210526315,27.714285714285715,6.842420145700817,7.075728518388342,-0.03,0.9227210740848448,0.9678427616536256,Original summary retained; exact raw variable absent
dsm_5_repetitiv,Psychological Factors,10,3,10.4,3.6666666666666665,3.8355066303046734,4.725815626252609,1.56,0.11428580248835493,0.25929359489293435,Original summary retained; exact raw variable absent
dsm_5_mania,Psychological Factors,21,6,8.904761904761905,10.833333333333334,3.548306101575256,4.3089055068157,-0.5,0.34880206751036413,0.5333133061209191,Original summary retained; exact raw variable absent
dsm_5_depre,Psychological Factors,22,15,24.0,19.933333333333334,6.007931265855003,8.319226154488398,0.57,0.11714692347944733,0.26018948267540404,Original summary retained; exact raw variable absent
dsm_5_anx,Psychological Factors,23,16,20.608695652173914,19.0625,6.0583460871968144,6.287222492219173,0.25,0.44890745667922183,0.6347620017248269,Original summary retained; exact raw variable absent
dsm_5_anger,Psychological Factors,12,10,14.333333333333334,14.1,4.355421560503296,4.677368680976279,0.05,0.9056096100520893,0.9577839338263263,Original summary retained; exact raw variable absent
pss_total,Psychological Factors,69,40,17.144927536231883,17.35,7.345017043024395,6.257508310534653,-0.03,0.8775173531052122,0.9576834539276481,Participant records reproduce original descriptives
tics_total_score,Psychological Factors,69,40,45.20289855072464,51.975,19.27706631187686,17.26785586440442,-0.36,0.06202365731951677,0.16996093109633817,Participant records reproduce original descriptives
dhs_score,Psychological Factors,69,40,64.56521739130434,70.0,17.946389331160056,18.96690775386409,-0.2944948185286075,0.14547837367125707,0.30392016677856676,Recalculated from participant records
neo_neuro,Psychological Factors,69,40,33.73913043478261,32.85,10.332205752080474,8.991591513670867,0.0894993403355592,0.638992716293945,0.7931027243413082,Recalculated from participant records
neo_extra,Psychological Factors,69,40,40.710144927536234,38.8,6.449125452054269,7.211813669962392,0.28,0.17029594096372558,0.3422137480318676,Participant records reproduce original descriptives
neo_open,Psychological Factors,69,40,45.17391304347826,41.325,7.304222231291439,7.346331720225391,0.5221422245855273,0.009886692430565563,0.046357602285540755,Recalculated from participant records
neo_agree,Psychological Factors,69,40,43.65217391304348,43.525,5.551433537587443,4.414355950933099,0.024444274486707832,0.8955709117029124,0.9577839338263263,Recalculated from participant records
neo_cons,Psychological Factors,69,40,44.608695652173914,44.575,8.435250600036847,7.571496820481675,0.0,0.9829233122468148,0.9876038994479901,Participant records reproduce original descriptives
mpss_score,Social and Environmental,69,40,82.1304347826087,84.2,12.533382534230757,15.80360231573315,-0.15,0.4807652833546512,0.6402517599952539,Original summary retained; exact raw variable absent
ssq_s,Social and Environmental,70,35,30.242857142857144,31.685714285714287,6.91864884665742,4.837180927744082,-0.23,0.21786504461769446,0.3997349949072481,Participant records reproduce original descriptives
ssq_n,Social and Environmental,70,40,22.4,27.375,12.11706187183168,12.309444987384113,-0.4053842865230739,0.0435612766529576,0.14361608396521958,Recalculated from participant records
ctq_ea,Social and Environmental,69,39,8.623188405797102,8.692307692307692,4.531268648725478,4.60065124768592,-0.02,0.9400876526883862,0.9723455623394585,Participant records reproduce original descriptives
ctq_pa,Social and Environmental,69,39,6.101449275362318,6.153846153846154,2.203906475117682,2.242396058008412,-0.02,0.9068763249696445,0.9577839338263263,Participant records reproduce original descriptives
ctq_sa,Social and Environmental,69,39,6.043478260869565,6.153846153846154,3.5497919682571246,3.710145844334806,-0.03,0.8805241235164158,0.9576834539276481,Participant records reproduce original descriptives
ctq_en,Social and Environmental,69,39,10.782608695652174,9.794871794871796,5.88085019167995,4.7582586773971896,0.18,0.34473467055176005,0.5333133061209191,Participant records reproduce original descriptives
ctq_pn,Social and Environmental,69,39,7.0144927536231885,6.461538461538462,2.789121481035943,2.2224471321182713,0.21,0.2612853842104366,0.441049728547217,Participant records reproduce original descriptives
ctq_md,Social and Environmental,69,39,0.4492904057971014,0.48719823076923074,0.9320442041441257,0.7904613492405115,-0.04,0.8231793228896597,0.9338217049984849,Participant records reproduce original descriptives
leq_positive_events_score,Social and Environmental,57,30,11.807017543859649,10.6,10.315450610771112,10.15602420173401,0.11658676023004107,0.602178402290345,0.7608361849297174,Recalculated from participant records
leq_negative_events_score,Social and Environmental,61,36,6.491803278688525,5.5,7.544585146137751,6.129553700835696,0.13944216535874532,0.4824645963945278,0.6402517599952539,Recalculated from participant records
leq_total_events_score,Social and Environmental,67,39,22.53731343283582,21.307692307692307,15.692430483872805,19.380068228321925,0.07,0.7371014473929413,0.8592729580105558,Participant records reproduce original descriptives
l_cat,Health Behaviors,70,40,3.6,3.075,1.323149514484723,1.4743534002124283,0.38,0.06631623012033817,0.17712309563786524,Participant records reproduce original descriptives
ipaq_total_met,Health Behaviors,69,39,4145.67536,4370.08974,3739.07494,5866.84225,-0.0482713020012521,0.830219828589389,0.9361753912493354,Participant records reproduce original descriptives
ipaq_intensity,Health Behaviors,70,40,2.38571429,2.15,0.66578617,0.80224045,0.325981077698846,0.11998443276681045,0.26099706509069076,Participant records reproduce original descriptives
scor_abp1_psqi_global,Health Behaviors,68,39,6.088235294117647,7.461538461538462,3.380079015757706,4.216796950081735,-0.37,0.08676764273547091,0.2179520549664805,Participant records reproduce original descriptives
mfis_phy_sub,Health/Symptoms,70,40,6.957142857142857,16.625,6.627644595016152,9.572094859538323,-1.23,4.3794405696331523e-07,1.3517466270700638e-05,Participant records reproduce original descriptives
mfis_cog_sub,Health/Symptoms,70,40,8.3,16.75,7.5954792046207364,9.596340114321897,-1.0,9.993978085500232e-06,0.00012748161660737514,Participant records reproduce original descriptives
mfis_psy_sub,Health/Symptoms,70,40,1.9428571428571428,3.975,1.910199278516221,2.247363127231785,-0.99,8.163935398723905e-06,0.00011483935794204959,Participant records reproduce original descriptives
mfis_total,Health/Symptoms,70,40,17.2,37.35,15.1175107221653,19.351737482452155,-1.19,3.3600446824877077e-07,1.3517466270700638e-05,Original summary retained; exact raw variable absent
compass_orth_int,Health/Symptoms,70,40,6.457142857142857,10.0,8.123477720111694,8.49736007270071,-0.43,0.03569806398666479,0.12524375773837262,Participant records reproduce original descriptives
compass_vasomotor,Health/Symptoms,70,40,0.0714282857142857,0.4583315,0.4195021203621297,1.1471149305273283,-0.5,0.04560029774739378,0.14802558191846288,Participant records reproduce original descriptives
compass_secretomotor,Health/Symptoms,70,40,1.49999997,3.8035713524999997,2.138193640500514,3.12560819854197,-0.9,0.00010965809174843432,0.0008899175907276784,Participant records reproduce original descriptives
compass_gastrointest,Health/Symptoms,70,40,3.2525508642857144,6.7410711050000005,2.9477249414030586,3.2724562732562488,-1.13,3.8049113411402374e-07,1.3517466270700638e-05,Participant records reproduce original descriptives
compass_bladded,Health/Symptoms,70,40,0.5078857142857142,0.7777,1.030571820206896,1.1854227029272655,-0.25,0.23289752404521655,0.4129527527188293,Participant records reproduce original descriptives
compass_pupillomotor,Health/Symptoms,70,40,0.8467714285714286,2.2810499999999996,0.904767472272289,1.3647896794857324,-1.3,1.6170374331288375e-07,1.1373163279672824e-05,Participant records reproduce original descriptives
compass_total,Health/Symptoms,70,40,12.63577912,24.0617239575,10.190341217085438,12.337581970254,-1.03,4.6655769193273135e-06,7.572590230600485e-05,Participant records reproduce original descriptives
bipq_cog_ill_rep,Health/Symptoms,0,37,,26.72972972972973,,7.897428022424096,,,,Original summary retained; exact raw variable absent
bipq_emo_rep,Health/Symptoms,0,37,,10.243243243243244,,4.603171644550004,,,,Original summary retained; exact raw variable absent
bipq_ill_compreh,Health/Symptoms,0,37,,3.5135135135135136,,2.4902211149215643,,,,Original summary retained; exact raw variable absent
pfs_phys,Health/Symptoms,70,40,15.342857142857143,23.325,8.021503191893459,9.916025620305955,-0.9055778141665465,4.771503004483422e-05,0.0004377335364982618,Recalculated from participant records
pfs_mental,Health/Symptoms,70,40,14.028571428571428,17.075,9.329665058485201,11.567832277040655,-0.2967438040191203,0.15955453468370973,0.33005889037512504,Recalculated from participant records
mcc_score,Health/Symptoms,69,40,74.98550724637681,82.3,34.057258340841244,36.92070505202279,-0.21,0.30843502552235297,0.49679229301691963,Participant records reproduce original descriptives
dcf_sit_stand_time,Symptoms/Clinical Assessmnent,69,38,21.28985507246377,16.605263157894736,6.2074467832533555,7.39809863697354,0.7,0.001499607165111722,0.009888034744955417,Participant records reproduce original descriptives
dcf_bodyfat_avg,Symptoms/Clinical Assessmnent,67,40,27.90746268656716,27.8375,9.981369970840614,9.909143343138789,0.01,0.9719742818894621,0.9876038994479901,Participant records reproduce original descriptives
fat_free_mass,Symptoms/Clinical Assessmnent,67,40,47.559973880597006,43.8694475,25.901793363509338,24.61706907147431,0.14,0.4639241206962854,0.6347620017248269,Participant records reproduce original descriptives
hip_waist_circum_ratio,Symptoms/Clinical Assessmnent,69,40,1.144234612884058,1.12245090045,0.0977959763934632,0.1286045108749499,0.2,0.35728608677094603,0.5409630416111327,Participant records reproduce original descriptives
dcg_adj_wgt,Symptoms/Clinical Assessmnent,70,40,162.21714285714282,148.77249999999998,37.013902485764355,43.96467689068764,0.34,0.10721055415577826,0.2541733362569574,Participant records reproduce original descriptives
fev1_average,Symptoms/Clinical Assessmnent,69,38,3.1897342995507247,2.8783333333157897,0.6796028987567765,0.8514191473438473,0.42,0.056862164896498,0.16695780914271477,Participant records reproduce original descriptives
fev1_predicted_average,Symptoms/Clinical Assessmnent,69,38,93.34057971028987,83.91228070052631,16.075049548659802,15.669001972851433,0.59,0.004177495161272516,0.0231960915533816,Participant records reproduce original descriptives
fvc_average,Symptoms/Clinical Assessmnent,69,38,3.9637198067536232,3.685964912263158,0.8033698503674064,1.1604025288023152,0.29,0.19463883969822157,0.3699891457326554,Participant records reproduce original descriptives
fvc_predicted_average,Symptoms/Clinical Assessmnent,69,38,95.4009661842029,87.22807017552631,15.847782850957618,15.400578216466675,0.52,0.011141409181740582,0.05001781568823964,Participant records reproduce original descriptives
fev1fvc_average,Symptoms/Clinical Assessmnent,69,38,80.61594202927536,77.33877192921054,6.892931419142758,7.949347694980357,0.45,0.03620791100493237,0.12524375773837262,Participant records reproduce original descriptives
fev1_fvc_1_predicted_average,Symptoms/Clinical Assessmnent,69,38,80.61594202927536,77.33877192921054,6.892931419142758,7.949347694980357,0.45,0.03620791100493237,0.12524375773837262,Original summary retained; exact raw variable absent
met_ree_d2,Systemic Energy Metabolism,45,19,1569.5777777777778,1439.157894736842,399.7273780561907,376.0693291813056,0.33,0.2216185353571959,0.4031164737962787,Participant records reproduce original descriptives
met_vo2_d2,Systemic Energy Metabolism,45,19,228.95555555555555,200.25684210526316,58.4340947935658,71.29460046974351,0.45,0.13241116521689003,0.2822096551592303,Participant records reproduce original descriptives
respiratory_rate_rr_breaths_min,Systemic Energy Metabolism,42,18,12.068809523809524,9.794444444444444,4.467075325404075,5.110251774875127,0.48,0.1121686409687655,0.25929359489293435,Participant records reproduce original descriptives
met_feo2_d2,Systemic Energy Metabolism,45,19,16.635333333333328,16.69473684210526,0.7643850766822605,1.118522678561387,-0.07,0.8341278367529623,0.9361753912493354,Participant records reproduce original descriptives
met_tidal_d2,Systemic Energy Metabolism,45,19,0.7164444444444444,0.8563157894736841,0.3528530183025965,0.4162292440779852,-0.37,0.20948869556348743,0.3877378488061039,Participant records reproduce original descriptives
met_ve_d2,Systemic Energy Metabolism,45,19,7.472222222222222,7.371052631578948,2.6128884129610004,2.6782371788108894,0.04,0.8902378433402397,0.9577839338263263,Participant records reproduce original descriptives
met_vo2_kg_d2,Systemic Energy Metabolism,45,19,3.1087077854222223,3.156197946473684,0.746294921648685,1.0331433806542674,-0.06,0.8574625461511124,0.9509221713251702,Participant records reproduce original descriptives
vf_c1_lf_cor_scaled,Cognitive Processes,67,40,11.7014925,10.525,3.36206523,3.94180422,0.325517240349741,0.11936063712366787,0.26099706509069076,Participant records reproduce original descriptives
vf_c1_cf_cor_scaled,Cognitive Processes,67,40,11.7014925,11.0,3.46853792,3.84974192,0.192670493219664,0.34725486378317705,0.5333133061209191,Participant records reproduce original descriptives
vf_c1_cs_cor_scaled,Cognitive Processes,67,39,12.3283582,10.7179487,3.70253009,4.35858933,0.404251750997792,0.0568951741957085,0.16695780914271477,Participant records reproduce original descriptives
vf_c1_cs_tsa_scaled,Cognitive Processes,67,39,12.0597015,11.3589744,3.18557638,3.66697337,0.206461169147272,0.323259330969897,0.5163205490263472,Participant records reproduce original descriptives
nab_shl_irg_perc,Cognitive Processes,67,39,65.9104478,63.7179487,24.7813049,25.0020512,0.0875485931841907,0.6634427003680722,0.8045195964233519,Participant records reproduce original descriptives
nab_shl_drg_perc,Cognitive Processes,66,39,62.7424242,52.1025641,24.2596916,29.1075997,0.403860819207858,0.05873151565617703,0.16720040160622418,Participant records reproduce original descriptives
rbans_cd_scaled,Cognitive Processes,66,39,9.62121212,7.76923077,3.3639041,4.94422331,0.457338480919404,0.04256068960473269,0.1425445318507714,Participant records reproduce original descriptives
rbans_ll_scaled,Cognitive Processes,67,40,10.8059702,10.35,3.20623827,3.39343257,0.13814564388069,0.49449997301186627,0.6521218394093987,Participant records reproduce original descriptives
nab_snl_spd_perc,Cognitive Processes,66,36,51.8181818,37.2222222,29.2079595,32.706584,0.475297676257283,0.02882230543630085,0.11262048976036072,Participant records reproduce original descriptives
tm_ns_scaled,Cognitive Processes,66,40,10.7424242,8.75,2.12175984,4.19248412,0.644987440465068,0.00725476215686234,0.036446543216617944,Participant records reproduce original descriptives
tm_ls_scaled,Cognitive Processes,67,40,10.9253731,9.175,2.7977991,4.037564,0.524568987029153,0.018617354301202295,0.07554349533757085,Participant records reproduce original descriptives
tm_nls_scaled,Cognitive Processes,67,40,10.4179105,8.975,3.06569115,4.07926275,0.412036551306027,0.05737099613307216,0.16695780914271477,Participant records reproduce original descriptives
nab_sdgf_perc,Cognitive Processes,67,39,54.4776119,41.7435897,30.0627416,29.1084343,0.425403351825226,0.03485087383091185,0.12524375773837262,Participant records reproduce original descriptives
nab_sdgb_perc,Cognitive Processes,66,39,58.3636364,51.4102564,30.1496965,31.387827,0.225485264896868,0.269181679135773,0.4507724944257786,Participant records reproduce original descriptives
cwi_cn_scaled,Cognitive Processes,67,40,9.05970149,8.175,3.12798026,3.66471393,0.263186666162316,0.2065409722502059,0.3877378488061039,Participant records reproduce original descriptives
cwi_wr_scaled,Cognitive Processes,67,40,10.3134328,8.575,2.60657069,3.56541435,0.575574436674525,0.009225684812491012,0.0452702208240838,Participant records reproduce original descriptives
cwi_inhib_scaled,Cognitive Processes,67,40,11.1044776,9.525,2.83449706,3.88281883,0.480528561954978,0.02851651055735058,0.11262048976036072,Participant records reproduce original descriptives
cwi_inh_cn_scaled,Cognitive Processes,67,40,11.7761194,11.025,3.26979239,2.44411905,0.249424308677553,0.17962418369934624,0.35149557296961337,Participant records reproduce original descriptives
st_free_corsort_scaled,Cognitive Processes,67,34,11.6268657,12.4705882,2.97380392,3.24023282,-0.273169066051851,0.2085704191126735,0.3877378488061039,Participant records reproduce original descriptives
topf_standrd_score,Cognitive Processes,67,39,110.626866,109.615385,12.3862532,12.6670218,0.0804005906931315,0.6904701405168082,0.8277795434604918,Participant records reproduce original descriptives
wasi_full_sum_c,Cognitive Processes,67,40,109.985075,108.375,15.3469892,16.6912959,0.100793587333734,0.6203674011836761,0.7745415482234062,Participant records reproduce original descriptives
nmdas_i_ii_iii_score,Symptoms/Clinical Assessmnent,68,40,1.9705882352941178,15.875,2.911483123284928,13.259128447205239,-1.65,7.20091363287705e-08,1.0410645518186715e-05,Participant records reproduce original descriptives
cns_score_total,Symptoms/Clinical Assessmnent,68,40,72.8529411764706,65.4125,1.840787517084824,7.193201473328649,1.61,9.867910443778877e-08,1.0410645518186715e-05,Participant records reproduce original descriptives
karnofsky_100,Symptoms/Clinical Assessmnent,45,16,98.66666666666667,88.75,4.045199174779452,8.06225774829855,1.83,0.0001792779113080742,0.0013509871173572735,Participant records reproduce original descriptives
hr_avg_p5_300s,Stress Reactivity Systems,55,37,74.600033612,79.64839733567568,11.184420009672023,13.135004876559059,-0.42,0.059431422371880635,0.16720040160622418,Participant records reproduce original descriptives
hr_avg_p10_300s,Stress Reactivity Systems,58,35,74.44962750448275,78.13415489542855,10.723025138884221,13.042693714891954,-0.31,0.1640269679053312,0.3327854829617777,Participant records reproduce original descriptives
hr_avg_p5_60s_1,Stress Reactivity Systems,67,39,78.18453431761193,81.38296232,13.915620211176122,15.864384068731987,-0.22,0.2989233176696978,0.488936589366715,Participant records reproduce original descriptives
hr_avg_p5_60s_2,Stress Reactivity Systems,67,37,73.92866499791045,78.52260475486487,13.194781522222353,13.700199952431303,-0.34,0.10154071475007317,0.24346694104847091,Participant records reproduce original descriptives
respr_count_p5_60s_1,Stress Reactivity Systems,68,34,19.783380088235297,19.058705058823524,4.172142490529003,4.116715014032418,0.17,0.4070694582789421,0.5882990116223067,Participant records reproduce original descriptives
respr_count_p5_60s_2,Stress Reactivity Systems,68,35,18.91791502941177,18.300276399999998,4.107185551966321,4.108577989197831,0.15,0.4723110628947764,0.6347620017248269,Participant records reproduce original descriptives
hr_avg_p10_60s_1,Stress Reactivity Systems,69,39,75.51063963594203,78.51953325076921,12.390582388285361,12.693624729578842,-0.24,0.23634552471183962,0.41557421428498464,Participant records reproduce original descriptives
hr_avg_p10_60s_2,Stress Reactivity Systems,65,39,73.14401955353844,76.86294586846152,11.678519817201387,12.685983924762212,-0.31,0.14026793563212697,0.2959653441837879,Participant records reproduce original descriptives
respr_count_p10_60s_1,Stress Reactivity Systems,68,35,19.590943691176474,20.210566314285714,3.7157501509040616,4.220628411631382,-0.16,0.4655406969755986,0.6347620017248269,Participant records reproduce original descriptives
respr_count_p10_60s_2,Stress Reactivity Systems,68,36,19.093220279411764,19.10241830555556,3.6802833251862137,4.218849064686996,0.0,0.9912226378037831,0.9912226378037831,Participant records reproduce original descriptives
ln_nd1_copies_ul_saliva_m5,Energetics,60,30,7.042666666666666,6.132000000000001,1.934546648303751,1.8438310940669909,0.47,0.03372810312904724,0.12524375773837262,Participant records reproduce original descriptives
ln_b2m_copies_ul_saliva_m5,Energetics,55,23,3.877090909090909,3.1400000000000006,1.6832790670320885,1.5627976080210655,0.44,0.07010394096046924,0.1803894090568172,Participant records reproduce original descriptives
ln_nd1_copies_ul_saliva_5,Energetics,60,33,8.144333333333332,7.445454545454545,1.687722732737481,1.7460206379598773,0.41,0.06621739274953395,0.17712309563786524,Participant records reproduce original descriptives
ln_b2m_copies_ul_saliva_5,Energetics,53,30,4.657169811320755,3.7640000000000002,1.7787953760453585,1.44878212826236,0.53,0.015501756361196765,0.0641347174943631,Participant records reproduce original descriptives
ln_nd1_copies_ul_saliva_10,Energetics,61,32,8.199508196721311,7.479375,2.0255726978063167,2.0745880858152184,0.35,0.1139843734546098,0.25929359489293435,Participant records reproduce original descriptives
ln_b2m_copies_ul_saliva_10,Energetics,57,29,4.583684210526315,3.8213793103448275,1.9265333703488423,1.806946366778437,0.4,0.07558477306394207,0.1921492423673708,Participant records reproduce original descriptives
ln_nd1_copies_ul_saliva_20,Energetics,59,32,8.012033898305084,6.7787500000000005,2.0626679907853327,1.9807602808827172,0.6,0.006791771074295494,0.03495277308966705,Participant records reproduce original descriptives
ln_b2m_copies_ul_saliva_20,Energetics,54,30,4.496481481481481,3.372,2.0767092595515617,1.8831364152978112,0.55,0.013954250454367812,0.058886936917432166,Participant records reproduce original descriptives
ln_nd1_copies_ul_saliva_30,Energetics,64,33,7.70953125,6.706969696969697,2.198044173688083,2.08031620921028,0.46,0.030801627320112542,0.11816624299170449,Participant records reproduce original descriptives
ln_b2m_copies_ul_saliva_30,Energetics,59,27,4.366101694915254,3.5222222222222226,2.0254910149267022,1.6829606086466822,0.43,0.047796655725697385,0.15280445997154768,Participant records reproduce original descriptives
ln_nd1_copies_ul_saliva_60,Energetics,63,32,7.682222222222223,6.8696875,2.085817271899979,1.9106416493149037,0.4,0.061879872034574006,0.16996093109633817,Participant records reproduce original descriptives
ln_b2m_copies_ul_saliva_60,Energetics,59,27,4.292033898305085,3.4707407407407405,2.021618316973001,1.7294128081428854,0.42,0.05776265434795345,0.16695780914271477,Participant records reproduce original descriptives
ln_nd1_copies_ul_saliva_90,Energetics,63,32,7.4603174603174605,6.650625,1.9942036718174552,2.0351427587240893,0.4,0.06983976659571617,0.1803894090568172,Participant records reproduce original descriptives
ln_b2m_copies_ul_saliva_90,Energetics,54,29,4.289259259259259,3.447241379310345,1.888103622687851,1.871097646821482,0.44,0.05621058146525667,0.16695780914271477,Participant records reproduce original descriptives
ln_nd1_copies_ul_saliva_120,Energetics,65,32,7.2073846153846155,6.1371875,1.9859044514740927,1.6608960550393153,0.56,0.0066832897732714575,0.03495277308966705,Participant records reproduce original descriptives
ln_b2m_copies_ul_saliva_120,Energetics,55,23,4.0307272727272725,3.3573913043478254,1.8258999349336134,1.5131400746049568,0.38,0.09877787633318716,0.24084534249905937,Participant records reproduce original descriptives
ln_nd1_copies_ul_serum_m5,Energetics,65,33,7.948307692307692,7.733333333333333,1.0926695652603096,1.2138283102097538,0.19,0.3952714433850108,0.5755190655941795,Participant records reproduce original descriptives
ln_b2m_copies_ul_serum_m5,Energetics,65,33,3.330461538461538,3.0884848484848484,0.7939407856722351,1.1239192620360936,0.26,0.27469946881073176,0.45639045605562517,Participant records reproduce original descriptives
ln_nd1_copies_ul_serum_5,Energetics,64,34,7.92421875,7.708235294117647,1.0504221444484207,1.2130014629090964,0.19,0.38348108723654944,0.5677256344522995,Participant records reproduce original descriptives
ln_b2m_copies_ul_serum_5,Energetics,64,33,3.3851562499999996,3.23030303030303,0.7920237133444931,1.0794514951136203,0.17,0.46933328448913403,0.6347620017248269,Participant records reproduce original descriptives
ln_nd1_copies_ul_serum_10,Energetics,63,35,7.908095238095238,7.885428571428572,1.0886390692242656,1.2007261108501435,0.02,0.9265603689764567,0.9678427616536256,Participant records reproduce original descriptives
ln_b2m_copies_ul_serum_10,Energetics,63,35,3.299047619047619,3.066857142857143,0.7768644882987789,1.0085014259040093,0.27,0.24244263521248452,0.4193065248347068,Participant records reproduce original descriptives
ln_nd1_copies_ul_serum_20,Energetics,63,34,7.963650793650794,7.935294117647059,1.0666382244671908,1.1874067371201364,0.03,0.9078520699775605,0.9577839338263263,Participant records reproduce original descriptives
ln_b2m_copies_ul_serum_20,Energetics,63,34,3.2333333333333334,3.076764705882353,0.8296015366894033,1.0048902264433794,0.17,0.440454316946071,0.6279450059163579,Participant records reproduce original descriptives
ln_nd1_copies_ul_serum_30,Energetics,62,33,8.03016129032258,7.917575757575757,1.1193374678807042,1.2263819508594942,0.1,0.6622588698472988,0.8045195964233519,Participant records reproduce original descriptives
ln_b2m_copies_ul_serum_30,Energetics,62,33,3.299032258064516,2.9624242424242424,0.8225942761803376,0.9853775618482183,0.38,0.09930589951383016,0.24084534249905937,Participant records reproduce original descriptives
ln_nd1_copies_ul_serum_60,Energetics,61,31,8.172295081967214,8.077741935483871,1.1132121592380357,1.1328274645841392,0.08,0.704841266196049,0.8402345037704313,Participant records reproduce original descriptives
ln_b2m_copies_ul_serum_60,Energetics,61,31,3.505409836065574,3.241935483870969,0.8688183043085818,1.084332111962132,0.28,0.2456512024949937,0.42140165631255017,Participant records reproduce original descriptives
ln_nd1_copies_ul_serum_90,Energetics,62,30,8.18032258064516,8.190666666666667,1.115041670531976,1.21269416030456,-0.01,0.9687518844950717,0.9876038994479901,Participant records reproduce original descriptives
ln_b2m_copies_ul_serum_90,Energetics,62,30,3.5306451612903222,3.232666666666666,0.9853731438805916,0.9897750818462133,0.3,0.1805437109954751,0.35149557296961337,Participant records reproduce original descriptives
ln_b2m_copies_ul_serum_120,Energetics,63,31,3.5926984126984127,3.3941935483870966,0.8780627620106082,1.0230404820714523,0.21,0.35893282381781316,0.5409630416111327,Participant records reproduce original descriptives
ln_nd1_copies_ul_serum_120,Energetics,63,31,8.171428571428573,8.069354838709677,1.219995844972905,1.3331939980959784,0.08,0.7211583897470456,0.8500805599811544,Participant records reproduce original descriptives
ln_nd1_copies_ul_plasma_m5,Energetics,64,34,8.348125,8.270588235294117,0.834039462733524,0.7802639070890584,0.09,0.6489965036705584,0.8008085513127943,Participant records reproduce original descriptives
ln_b2m_copies_ul_plasma_m5,Energetics,62,33,1.907258064516129,1.9251515151515153,0.6716365365500744,0.6349907539293446,-0.03,0.898399781798096,0.9577839338263263,Participant records reproduce original descriptives
ln_nd1_copies_ul_plasma_5,Energetics,63,34,8.284126984126983,8.220882352941176,0.8577533199052626,0.799133499095185,0.07,0.7181385973915853,0.8500805599811544,Participant records reproduce original descriptives
ln_b2m_copies_ul_plasma_5,Energetics,62,32,1.8950000000000002,1.8071875,0.6854476818767162,0.6722529975700633,0.13,0.5532152213325302,0.7205457512417524,Participant records reproduce original descriptives
ln_nd1_copies_ul_plasma_10,Energetics,62,32,8.221129032258064,8.0040625,0.860238443571925,0.7864860984559842,0.26,0.2238313853842578,0.4036617291972513,Participant records reproduce original descriptives
ln_b2m_copies_ul_plasma_10,Energetics,61,30,1.8888524590163938,1.8046666666666662,0.7139329995656822,0.7515764275419909,0.11,0.6116704705380623,0.7682289838305426,Participant records reproduce original descriptives
ln_nd1_copies_ul_plasma_20,Energetics,62,32,8.361451612903226,8.226875,0.9055219430933661,0.8101192166349901,0.15,0.4662081561836032,0.6347620017248269,Participant records reproduce original descriptives
ln_b2m_copies_ul_plasma_20,Energetics,61,32,2.003606557377049,1.8278125,0.7967664500694568,0.8206320710085255,0.22,0.3254532370640008,0.5163205490263472,Participant records reproduce original descriptives
ln_nd1_copies_ul_plasma_30,Energetics,62,33,8.151935483870966,7.9396969696969695,0.8578658971009272,0.8209921012427768,0.25,0.24171220579991612,0.4193065248347068,Participant records reproduce original descriptives
ln_b2m_copies_ul_plasma_30,Energetics,60,31,1.9283333333333335,2.0725806451612905,0.6624176742367635,1.790344413312581,-0.12,0.667348810063123,0.8046319938475368,Participant records reproduce original descriptives
ln_nd1_copies_ul_plasma_60,Energetics,61,30,8.206065573770491,8.056666666666667,0.7312301933238363,0.8664606297971683,0.19,0.42022962939885766,0.6031867469602651,Participant records reproduce original descriptives
ln_b2m_copies_ul_plasma_60,Energetics,59,30,1.8833898305084744,1.8906666666666665,0.6428053015936219,0.6930339760459245,-0.01,0.9619163086243129,0.9876038994479901,Participant records reproduce original descriptives
ln_nd1_copies_ul_plasma_90,Energetics,62,31,8.234032258064516,8.057096774193548,0.8030116665698431,0.8670762886404982,0.21,0.34593708763961223,0.5333133061209191,Participant records reproduce original descriptives
ln_b2m_copies_ul_plasma_90,Energetics,61,29,1.9667213114754096,1.6824137931034482,0.6412766467796236,0.6910533118384975,0.43,0.06770195276855222,0.1785639004270565,Participant records reproduce original descriptives
ln_nd1_copies_ul_plasma_120,Energetics,63,31,8.10904761904762,8.104193548387096,0.8521428667998036,0.7737000891540526,0.01,0.9780317383578689,0.9876038994479901,Participant records reproduce original descriptives
ln_b2m_copies_ul_plasma_120,Energetics,61,30,2.0340983606557375,1.8716666666666666,0.6194712181884923,0.7359257989832911,0.24,0.30287367177128394,0.4915872672595455,Participant records reproduce original descriptives
hgba1c_edta1,Cellular and Molecular,68,37,5.147058823529412,5.654054054054054,0.34747300474347786,0.8943012774086676,-0.84,0.0018952931462166782,0.011108523718103308,Participant records reproduce original descriptives
glucose_serum,Cellular and Molecular,69,36,92.4927536231884,106.86111111111111,9.12111833378967,52.0928581766817,-0.46,0.10929925528043334,0.2562460318241271,Participant records reproduce original descriptives
cholesterol_serum,Cellular and Molecular,69,36,178.20289855072463,193.83333333333334,40.465518985538395,36.81808561795994,-0.4,0.04957402644268172,0.156121187752326,Participant records reproduce original descriptives
insulin_serum,Cellular and Molecular,68,32,8.301470588235293,13.25,6.433436273307144,15.764394343972054,-0.47,0.09589066886953972,0.23803448389968096,Participant records reproduce original descriptives
sodium_serum,Cellular and Molecular,69,36,140.1159420289855,140.19444444444446,1.8354053237561172,2.1885343359615224,-0.04,0.854560506626308,0.9509221713251702,Participant records reproduce original descriptives
potassium_serum,Cellular and Molecular,69,36,4.45072463768116,4.513888888888889,0.3197532083294852,0.6659698739551762,-0.13,0.5935472960046171,0.7590210876180254,Participant records reproduce original descriptives
chloride_serum,Cellular and Molecular,69,36,103.81159420289855,102.47222222222223,2.164386629039716,2.348082635575687,0.6,0.005841816098200581,0.03160572299282879,Participant records reproduce original descriptives
co2_serum,Cellular and Molecular,69,36,25.768115942028984,25.583333333333332,2.4623334672636883,2.5898152167949853,0.07,0.7252600724092515,0.8501659737686227,Participant records reproduce original descriptives
bun_serum,Cellular and Molecular,69,36,13.115942028985508,16.083333333333332,3.9390064135517364,4.8660632372145995,-0.69,0.002491973157447489,0.014210982060038383,Participant records reproduce original descriptives
creatinine_serum,Cellular and Molecular,69,36,0.8255072463768116,0.7697222222222222,0.15074848776808636,0.21065186054057616,0.32,0.16381036960613624,0.3327854829617777,Participant records reproduce original descriptives
albumin_serum,Cellular and Molecular,69,36,4.6057971014492765,4.697222222222222,0.25889133421698635,0.362913693880996,-0.3,0.1846768623855243,0.35424379966677844,Participant records reproduce original descriptives
calcium_serum,Cellular and Molecular,69,36,9.492753623188404,9.480555555555558,0.32463501703936704,0.40905427124697874,0.03,0.8771778205822787,0.9576834539276481,Participant records reproduce original descriptives
triglycerides_serum,Cellular and Molecular,69,36,87.94202898550725,121.86111111111111,66.28700610357673,82.68948897714623,-0.47,0.03736203670278438,0.12715144748850812,Participant records reproduce original descriptives
hdl_serum,Cellular and Molecular,69,36,61.11594202898551,58.19444444444444,16.878054174059052,16.49037718436239,0.17,0.3954988839391281,0.5755190655941795,Participant records reproduce original descriptives
cpeptide_serum,Cellular and Molecular,69,31,1.4188405797101449,1.5903225806451613,0.6806734040896215,0.9870342238948885,-0.22,0.3847619228752551,0.5677256344522995,Participant records reproduce original descriptives
wbc_edta1,Immune Regulation and Inflammation,69,37,5.5630434782608695,6.098378378378378,1.6346660968166682,1.7227392810958457,-0.32,0.12508020409011578,0.26930533737769824,Participant records reproduce original descriptives
neutroabsolute_edta1,Immune Regulation and Inflammation,69,37,3.240724637681159,3.515405405405405,1.307616060354041,1.4398082329767905,-0.2,0.33734004126847367,0.531184691848119,Participant records reproduce original descriptives
lymphabsolute_edta1,Immune Regulation and Inflammation,69,37,1.6499999999999997,1.8762162162162166,0.4597761603726958,0.41432241438650536,-0.51,0.011774905553065245,0.05176052232701597,Participant records reproduce original descriptives
monoabsolute_edta1,Immune Regulation and Inflammation,69,37,0.4568115942028985,0.47243243243243255,0.12457566509630143,0.15408160546003258,-0.11,0.5975718587930476,0.7595642301526088,Participant records reproduce original descriptives
eosabsolute_edta1,Immune Regulation and Inflammation,69,37,0.15710144927536235,0.16378378378378378,0.14245847123734154,0.11607831052429292,-0.05,0.7951310756218523,0.9101179864767481,Participant records reproduce original descriptives
basoabsolute_edta1,Immune Regulation and Inflammation,69,37,0.0463768115942028,0.047027027027027,0.0479880810720608,0.0304471185340588,-0.02,0.932379700018498,0.9691237276054339,Participant records reproduce original descriptives
fibrinogen_blue,Immune Regulation and Inflammation,67,35,289.1940298507463,301.62857142857143,60.82743569734176,67.03909557962767,-0.2,0.3622968261788228,0.5421604987498696,Participant records reproduce original descriptives
crp_serum,Immune Regulation and Inflammation,66,35,1.9593939393939392,2.431428571428571,2.8237099866271835,5.950309503990303,-0.11,0.6596079420373111,0.8045195964233519,Participant records reproduce original descriptives
scr_max_sc_5_min,Stress Reactivity Systems,52,32,7.126942307692308,8.54490625,3.883443107495635,4.998579452135828,-0.32,0.17629496856694588,0.3509267770530715,Participant records reproduce original descriptives
scr_max_sc_10_min,Stress Reactivity Systems,50,30,7.4789200000000005,8.330599999999999,4.631257328463727,5.252411949072409,-0.17,0.46641555573620885,0.6347620017248269,Participant records reproduce original descriptives
fgf21_fasting_pgml,Cellular and Molecular,65,34,234.99401887572307,657.7876065397058,345.2860220851915,668.2173591573363,-0.87,0.001258248030764548,0.008564204338429665,Participant records reproduce original descriptives
fgf21_s1_pgml,Cellular and Molecular,65,33,109.01376055984616,567.8221556651516,152.66527398389218,580.421812390491,-1.27,8.318124378964352e-05,0.0007020496975845913,Participant records reproduce original descriptives
fgf21_s2_pgml,Cellular and Molecular,64,34,103.7694514355781,594.7181415594118,151.52279665527567,546.9113763542616,-1.42,1.027103072192122e-05,0.00012748161660737514,Participant records reproduce original descriptives
fgf21_s3_pgml,Cellular and Molecular,62,35,99.47584527817742,608.5332480194285,145.7324342627609,600.7085663032489,-1.34,1.817033525367299e-05,0.00019169703692625007,Participant records reproduce original descriptives
fgf21_s4_pgml,Cellular and Molecular,62,34,99.77358676314516,565.6714608805881,150.25767580037675,553.9861991668533,-1.32,2.7494008944321173e-05,0.00027228780513320914,Participant records reproduce original descriptives
fgf21_s5_pgml,Cellular and Molecular,62,33,98.643347685,568.866513769697,151.2782328376733,549.603266599162,-1.35,2.8390197691614222e-05,0.00027228780513320914,Participant records reproduce original descriptives
fgf21_s6_pgml,Cellular and Molecular,61,31,106.02441726891803,643.7491423132259,161.75929536843478,652.8877935727182,-1.34,8.122048835658195e-05,0.0007020496975845913,Participant records reproduce original descriptives
fgf21_s7_pgml,Cellular and Molecular,61,29,111.98186958209835,682.0409830110345,179.15846332601825,730.5434434790658,-1.29,0.00026223820586312725,0.0019080090150730982,Participant records reproduce original descriptives
fgf21_s8_pgml,Cellular and Molecular,63,31,105.82515573257143,678.4250576180646,185.73016139653495,739.0139540990344,-1.27,0.00017443560704280602,0.0013509871173572735,Participant records reproduce original descriptives
gdf15_t_fasting1,Cellular and Molecular,68,32,436.96896519264703,1534.62168599375,196.4779593095074,1200.2062397655661,-1.57,1.3415253904760596e-05,0.00014897992494234134,Participant records reproduce original descriptives
gdf15_t_minus5,Cellular and Molecular,65,34,385.26771520461534,1406.1179051705885,157.7657271089884,983.1118640948241,-1.72,8.350114779036845e-07,1.957638020418638e-05,Participant records reproduce original descriptives
gdf15_t_5,Cellular and Molecular,64,34,395.35427337343754,1371.9796667823528,164.5046914586211,921.3386119898132,-1.74,5.774037996780387e-07,1.5229025216508272e-05,Participant records reproduce original descriptives
gdf15_t_10,Cellular and Molecular,63,33,404.2064110634921,1372.5683649060604,165.0354672024131,942.9319213386256,-1.7,1.4834523211245895e-06,2.955626417296669e-05,Participant records reproduce original descriptives
gdf15_t_20,Cellular and Molecular,63,32,395.97924662222215,1427.9297024,171.24317529843535,918.281359762996,-1.87,4.484467483170828e-07,1.3517466270700638e-05,Participant records reproduce original descriptives
gdf15_t_30,Cellular and Molecular,62,33,382.0853102758065,1379.3474958757574,162.82864234151057,973.3104334555597,-1.69,1.540847895273145e-06,2.955626417296669e-05,Participant records reproduce original descriptives
gdf15_t_60,Cellular and Molecular,61,30,406.7848994213115,1395.1110203599999,182.92183528309022,969.2078057522444,-1.71,5.105228358741214e-06,7.694308454959973e-05,Participant records reproduce original descriptives
gdf15_t_90,Cellular and Molecular,62,31,412.6877286209678,1453.232576658064,195.1921083645636,1026.6124125425424,-1.69,3.885895970354062e-06,6.832700414539225e-05,Participant records reproduce original descriptives
gdf15_t_120,Cellular and Molecular,63,31,415.73927441904766,1422.9089061677414,210.29508753691294,1071.3610220166527,-1.57,1.2471204936345812e-05,0.00014619023564272032,Participant records reproduce original descriptives
lactate_nmolul__t_m5,Cellular and Molecular,50,24,0.68476951304,1.1543369327916666,0.3006131015364654,0.5668936761499873,-1.15,0.0006599745865558071,0.004641821258775843,Participant records reproduce original descriptives
lactate_nmolul__t_5,Cellular and Molecular,50,24,0.7853426278400001,1.2480036843749998,0.3533370358116651,0.6129123529338912,-1.01,0.0017296187902758502,0.010427130421377268,Participant records reproduce original descriptives
lactate_nmolul__t_10,Cellular and Molecular,50,24,0.7241963364,1.2171752544583334,0.3439695679753037,0.6501032344548806,-1.05,0.0015559621473579077,0.009948727669470258,Participant records reproduce original descriptives
lactate_nmolul__t_20,Cellular and Molecular,50,24,0.60279150624,1.1089721031666666,0.34604219359786453,0.6745777077334186,-1.05,0.0016785770628376328,0.010417051772315897,Participant records reproduce original descriptives
lactate_nmolul__t_30,Cellular and Molecular,50,24,0.6840672607999998,1.06241477,0.4852910844873095,0.6174925699419169,-0.7,0.012165845191154252,0.05238761908843973,Participant records reproduce original descriptives
lactate_nmolul__t_60,Cellular and Molecular,50,24,0.60206540392,1.0114794022083333,0.360513280905961,0.6929939649344079,-0.82,0.010819082204667851,0.04962665967793297,Participant records reproduce original descriptives
lactate_nmolul__t_90,Cellular and Molecular,50,24,0.47930641968,0.772940009375,0.33254736753397846,0.6701459176265339,-0.62,0.051766860476951566,0.1606295229505409,Participant records reproduce original descriptives
lactate_nmolul__t_120,Cellular and Molecular,50,24,0.4748040556000001,0.8609147639583333,0.23633829936065678,0.658751430699832,-0.91,0.009837790671894268,0.046357602285540755,Participant records reproduce original descriptives
