Variable,Hedges_g,Mean_Control,Mean_Patient,SD_Control,SD_Patient,N_Control,N_Patient,P_Original
day0_arm_2.stai_y1_state_total,0.16,37.594202898550726,35.975,11.094936365668204,8.450421018186928,69,40,0.39347833913505104
day0_arm_2.stai_y1_trait_total,-0.06,40.53623188405797,41.225,12.842461407544217,10.726166184878966,69,40,0.7647426197836129
day0_arm_2.bdi_total,-0.27,7.942028985507246,10.25,8.317034358986337,8.784455968736292,69,40,0.1815782817710324
day0_arm_2.mbi_total,-0.23,6.490821256014493,7.047863247974358,2.4288764182380267,2.4219125748795194,69,39,0.2548790892958885
day0_arm_2.mbi_ineff,0.07,2.4589371980869568,2.376068376025641,1.0715443764006842,1.1633524030939097,69,39,0.7156202491834973
day0_arm_2.mbi_cyn,0.06,2.0260869565217394,1.9384615384615387,1.3177132793005515,1.3758471810441175,69,39,0.7477553608026926
day0_arm_2.mbi_exhaus,-0.48,2.0057971014492755,2.7333333333333334,1.4543933501808577,1.584353318738119,69,39,0.020921042276149097
day0_arm_2.pcl_total,-0.23,30.014492753623188,32.825,12.327030024471078,11.397002529905249,69,40,0.23188197431529323
day0_arm_2.dsm_5_cross_cutting,-0.03,12.142857142857142,12.542857142857143,12.23144696799506,9.891597316864027,63,35,0.8607873683559597
day0_arm_2.dsm_5_neg_aff,-0.21,3.378787878787879,4.051282051282051,3.2852357438658624,2.946440474705904,66,39,0.2821411682984552
day0_arm_2.dsm_5_detachment,0.13,2.8507462686567164,2.4615384615384617,3.001281197852735,2.9005095182720995,67,39,0.5125570721648753
day0_arm_2.dsm_5_antagonism,0.05,1.411764705882353,1.3157894736842106,2.1317450921346595,1.2756612097451125,68,38,0.7725230217229658
day0_arm_2.dsm_5_disinhibition,0.29,2.588235294117647,1.6923076923076923,3.310928508077669,2.4937168006374297,68,39,0.11685959186739063
day0_arm_2.dsm_5_psychoticism,0.14,2.347826086956522,1.9473684210526316,3.2441172412833383,2.2172221288597913,69,38,0.452474769595403
day0_arm_2.dsm_5_substance,-0.56,1.7142857142857142,3.3333333333333335,1.889822365046136,4.041451884327381,7,3,0.565419013588876
day0_arm_2.dsm_5_somatic,-0.33,10.125,12,5.914570386523678,5.24771012332632,8,14,0.4694564960585662
day0_arm_2.dsm_5_sleep_dist,-0.03,27.473684210526315,27.714285714285715,6.842420145700817,7.075728518388342,19,14,0.9227210740848448
day0_arm_2.dsm_5_repetitiv,1.56,10.4,3.6666666666666665,3.8355066303046734,4.725815626252609,10,3,0.11428580248835496
day0_arm_2.dsm_5_mania,-0.5,8.904761904761905,10.833333333333334,3.548306101575256,4.3089055068157,21,6,0.348802067510364
day0_arm_2.dsm_5_depre,0.57,24,19.933333333333334,6.007931265855003,8.319226154488398,22,15,0.1171469234794472
day0_arm_2.dsm_5_anx,0.25,20.608695652173914,19.0625,6.0583460871968144,6.287222492219173,23,16,0.4489074566792216
day0_arm_2.dsm_5_anger,0.05,14.333333333333334,14.1,4.355421560503296,4.677368680976279,12,10,0.9056096100520894
day0_arm_2.pss_total,-0.03,17.144927536231883,17.35,7.345017043024395,6.257508310534653,69,40,0.8775173531052121
day0_arm_2.tics_total_score,-0.36,45.20289855072464,51.975,19.27706631187686,17.26785586440442,69,40,0.0620236573195167
day0_arm_2.dhs_score,-0.32,56.91304347826087,62.1,16.120629029504567,16.731361616391585,69,40,0.1178851718140455
day0_arm_2.neo_neuro,0.14,34.55072463768116,33.4,8.767480407875016,7.351260139664875,69,40,0.4654418503296297
day0_arm_2.neo_extra,0.28,40.710144927536234,38.8,6.449125452054269,7.211813669962392,69,40,0.1702959409637256
day0_arm_2.neo_open,0.52,42.68115942028985,38.975,6.91437707972902,7.2199421121338725,69,40,0.010455495062787819
day0_arm_2.neo_agree,-0.12,42.05797101449275,42.725,5.925726706417326,5.043337824323927,69,40,0.5345415344612797
day0_arm_2.neo_cons,0,44.608695652173914,44.575,8.435250600036847,7.571496820481675,69,40,0.9829233122468148
day0_arm_2.mpss_score,-0.15,82.1304347826087,84.2,12.533382534230757,15.80360231573315,69,40,0.4807652833546514
day0_arm_2.ssq_s,-0.23,30.242857142857144,31.685714285714287,6.91864884665742,4.837180927744082,70,35,0.21786504461769438
day0_arm_2.ssq_n,-0.31,16.928571428571427,20.642857142857142,11.499617420947418,12.548095625741485,70,42,0.12167516972954064
day0_arm_2.ctq_ea,-0.02,8.623188405797102,8.692307692307692,4.531268648725478,4.60065124768592,69,39,0.9400876526883862
day0_arm_2.ctq_pa,-0.02,6.101449275362318,6.153846153846154,2.203906475117682,2.242396058008412,69,39,0.9068763249696444
day0_arm_2.ctq_sa,-0.03,6.043478260869565,6.153846153846154,3.5497919682571246,3.710145844334806,69,39,0.8805241235164156
day0_arm_2.ctq_en,0.18,10.782608695652174,9.794871794871796,5.88085019167995,4.7582586773971896,69,39,0.34473467055176
day0_arm_2.ctq_pn,0.21,7.0144927536231885,6.461538461538462,2.789121481035943,2.2224471321182713,69,39,0.2612853842104366
day0_arm_2.ctq_md,-0.04,0.4492904057971014,0.48719823076923074,0.9320442041441257,0.7904613492405115,69,39,0.8231793228896597
day0_arm_2.leq_positive_events_score,0.18,11.807017543859649,9.9375,10.315450610771112,10.162986289599166,57,32,0.41053428509558565
day0_arm_2.leq_negative_events_score,0.18,6.491803278688525,5.2105263157894735,7.544585146137751,6.090124459460676,61,38,0.35623577108714144
day0_arm_2.leq_total_events_score,0.07,22.53731343283582,21.307692307692307,15.692430483872805,19.380068228321925,67,39,0.7371014473929411
day1_arm_2.l_cat,0.38,3.6,3.075,1.323149514484723,1.4743534002124283,70,40,0.0663162301203382
day1_arm_2.ipaq_total_met,-0.0482713020012521,4145.67536,4370.08974,3739.07494,5866.84225,69,39,0.808726110398512
day1_arm_2.ipaq_intensity,0.325981077698846,2.38571429,2.15,0.66578617,0.80224045,70,40,0.100587295615174
day1_arm_2.scor_abp1_psqi_global,-0.37,6.088235294117647,7.461538461538462,3.380079015757706,4.216796950081735,68,39,0.0867676427354708
day1_arm_2.mfis_phy_sub,-1.23,6.957142857142857,16.625,6.627644595016152,9.572094859538323,70,40,4.379440569633159e-07
day1_arm_2.mfis_cog_sub,-1,8.3,16.75,7.5954792046207364,9.596340114321897,70,40,9.993978085500257e-06
day1_arm_2.mfis_psy_sub,-0.99,1.9428571428571428,3.975,1.910199278516221,2.247363127231785,70,40,8.163935398723901e-06
day1_arm_2.mfis_total,-1.19,17.2,37.35,15.1175107221653,19.351737482452155,70,40,3.360044682487679e-07
day1_arm_2.compass_orth_int,-0.43,6.457142857142857,10,8.123477720111694,8.49736007270071,70,40,0.0356980639866647
day1_arm_2.compass_vasomotor,-0.5,0.0714282857142857,0.4583315,0.4195021203621297,1.1471149305273283,70,40,0.045600297747393825
day1_arm_2.compass_secretomotor,-0.9,1.49999997,3.8035713524999997,2.138193640500514,3.12560819854197,70,40,0.000109658091748434
day1_arm_2.compass_gastrointest,-1.13,3.2525508642857144,6.7410711050000005,2.9477249414030586,3.2724562732562488,70,40,3.804911341140234e-07
day1_arm_2.compass_bladded,-0.25,0.5078857142857142,0.7777,1.030571820206896,1.1854227029272655,70,40,0.23289752404521663
day1_arm_2.compass_pupillomotor,-1.3,0.8467714285714286,2.2810499999999996,0.904767472272289,1.3647896794857324,70,40,1.617037433128842e-07
day1_arm_2.compass_total,-1.03,12.63577912,24.0617239575,10.190341217085438,12.337581970254,70,40,4.665576919327316e-06
day1_arm_2.bipq_cog_ill_rep,,,26.72972972972973,,7.897428022424096,0,37,
day1_arm_2.bipq_emo_rep,,,10.243243243243244,,4.603171644550004,0,37,
day1_arm_2.bipq_ill_compreh,,,3.5135135135135136,,2.4902211149215643,0,37,
day1_arm_2.pfs_phys,-0.98,15.342857142857143,24.595238095238095,8.02150319189346,11.251145250778835,70,42,1.5472810601816258e-05
day1_arm_2.pfs_mental,-0.42,14.028571428571428,18.642857142857142,9.329665058485201,13.328534269902754,70,42,0.052807939704739425
day1_arm_2.mcc_score,-0.21,74.98550724637681,82.3,34.057258340841244,36.92070505202279,69,40,0.3084350255223531
day1_arm_2.dcf_sit_stand_time,0.7,21.28985507246377,16.605263157894736,6.2074467832533555,7.39809863697354,69,38,0.00149960716511172
day1_arm_2.dcf_bodyfat_avg,0.01,27.90746268656716,27.8375,9.981369970840614,9.909143343138789,67,40,0.9719742818894621
day1_arm_2.fat_free_mass,0.14,47.559973880597006,43.8694475,25.901793363509338,24.61706907147431,67,40,0.4639241206962854
day1_arm_2.hip_waist_circum_ratio,0.2,1.144234612884058,1.12245090045,0.0977959763934632,0.1286045108749499,69,40,0.3572860867709463
day1_arm_2.dcg_adj_wgt,0.34,162.21714285714282,148.77249999999998,37.013902485764355,43.96467689068764,70,40,0.10721055415577843
day1_arm_2.fev1_average,0.42,3.1897342995507247,2.8783333333157897,0.6796028987567765,0.8514191473438473,69,38,0.056862164896497994
day1_arm_2.fev1_predicted_average,0.59,93.34057971028987,83.91228070052631,16.075049548659802,15.669001972851433,69,38,0.00417749516127251
day1_arm_2.fvc_average,0.29,3.9637198067536232,3.685964912263158,0.8033698503674064,1.1604025288023152,69,38,0.19463883969822163
day1_arm_2.fvc_predicted_average,0.52,95.4009661842029,87.22807017552631,15.847782850957618,15.400578216466675,69,38,0.011141409181740582
day1_arm_2.fev1fvc_average,0.45,80.61594202927536,77.33877192921054,6.892931419142758,7.949347694980357,69,38,0.0362079110049324
day1_arm_2.fev1_fvc_1_predicted_average,0.45,80.61594202927536,77.33877192921054,6.892931419142758,7.949347694980357,69,38,0.0362079110049324
day2_arm_2.met_ree_d2,0.33,1569.5777777777778,1439.157894736842,399.7273780561907,376.0693291813056,45,19,0.22161853535719603
day2_arm_2.met_vo2_d2,0.45,228.95555555555555,200.25684210526316,58.4340947935658,71.29460046974351,45,19,0.13241116521689011
day2_arm_2.respiratory_rate_rr_breaths_min,0.48,12.068809523809524,9.794444444444444,4.467075325404075,5.110251774875127,42,18,0.11216864096876539
day2_arm_2.met_feo2_d2,-0.07,16.635333333333328,16.69473684210526,0.7643850766822605,1.118522678561387,45,19,0.8341278367529624
day2_arm_2.met_tidal_d2,-0.37,0.7164444444444444,0.8563157894736841,0.3528530183025965,0.4162292440779852,45,19,0.20948869556348737
day2_arm_2.met_ve_d2,0.04,7.472222222222222,7.371052631578948,2.6128884129610004,2.6782371788108894,45,19,0.8902378433402396
day2_arm_2.met_vo2_kg_d2,-0.06,3.1087077854222223,3.156197946473684,0.746294921648685,1.0331433806542674,45,19,0.8574625461511123
day2_arm_2.vf_c1_lf_cor_scaled,0.325517240349741,11.7014925,10.525,3.36206523,3.94180422,67,40,0.103819805584596
day2_arm_2.vf_c1_cf_cor_scaled,0.192670493219664,11.7014925,11,3.46853792,3.84974192,67,40,0.333677627611293
day2_arm_2.vf_c1_cs_cor_scaled,0.404251750997792,12.3283582,10.7179487,3.70253009,4.35858933,67,39,0.045774198155063
day2_arm_2.vf_c1_cs_tsa_scaled,0.206461169147272,12.0597015,11.3589744,3.18557638,3.66697337,67,39,0.304215327570119
day2_arm_2.nab_shl_irg_perc,0.0875485931841907,65.9104478,63.7179487,24.7813049,25.0020512,67,39,0.662409256920569
day2_arm_2.nab_shl_drg_perc,0.403860819207858,62.7424242,52.1025641,24.2596916,29.1075997,66,39,0.0465854416708764
day2_arm_2.rbans_cd_scaled,0.457338480919404,9.62121212,7.76923077,3.3639041,4.94422331,66,39,0.0246057664366396
day2_arm_2.rbans_ll_scaled,0.13814564388069,10.8059702,10.35,3.20623827,3.39343257,67,40,0.487742488522175
day2_arm_2.nab_snl_spd_perc,0.475297676257283,51.8181818,37.2222222,29.2079595,32.706584,66,36,0.0228654558008565
day2_arm_2.tm_ns_scaled,0.644987440465068,10.7424242,8.75,2.12175984,4.19248412,66,40,0.00159392004865921
day2_arm_2.tm_ls_scaled,0.524568987029153,10.9253731,9.175,2.7977991,4.037564,67,40,0.0094433079455567
day2_arm_2.tm_nls_scaled,0.412036551306027,10.4179105,8.975,3.06569115,4.07926275,67,40,0.0402441294260402
day2_arm_2.nab_sdgf_perc,0.425403351825226,54.4776119,41.7435897,30.0627416,29.1084343,67,39,0.0357427697605119
day2_arm_2.nab_sdgb_perc,0.225485264896868,58.3636364,51.4102564,30.1496965,31.387827,66,39,0.26336012608726
day2_arm_2.cwi_cn_scaled,0.263186666162316,9.05970149,8.175,3.12798026,3.66471393,67,40,0.187498826595919
day2_arm_2.cwi_wr_scaled,0.575574436674525,10.3134328,8.575,2.60657069,3.56541435,67,40,0.00452753379317005
day2_arm_2.cwi_inhib_scaled,0.480528561954978,11.1044776,9.525,2.83449706,3.88281883,67,40,0.0171384675028469
day2_arm_2.cwi_inh_cn_scaled,0.249424308677553,11.7761194,11.025,3.26979239,2.44411905,67,40,0.211438528700854
day2_arm_2.st_free_corsort_scaled,-0.273169066051851,11.6268657,12.4705882,2.97380392,3.24023282,67,34,0.194155790387941
day2_arm_2.topf_standrd_score,0.0804005906931315,110.626866,109.615385,12.3862532,12.6670218,67,39,0.688440507531155
day2_arm_2.wasi_full_sum_c,0.100793587333734,109.985075,108.375,15.3469892,16.6912959,67,40,0.612465423048659
day2_arm_2.nmdas_i_ii_iii_score,-1.65,1.9705882352941178,15.875,2.911483123284928,13.259128447205239,68,40,7.200913632877021e-08
day2_arm_2.cns_score_total,1.61,72.8529411764706,65.4125,1.840787517084824,7.193201473328649,68,40,9.867910443778879e-08
day2_arm_2.karnofsky_100,1.83,98.66666666666667,88.75,4.045199174779452,8.06225774829855,45,16,0.000179277911308074
psychophysiology_arm_2.hr_avg_p5_300s,-0.42,74.600033612,79.64839733567568,11.184420009672023,13.135004876559059,55,37,0.0594314223718806
psychophysiology_arm_2.hr_avg_p10_300s,-0.31,74.44962750448275,78.13415489542855,10.723025138884221,13.042693714891954,58,35,0.1640269679053314
psychophysiology_arm_2.hr_avg_p5_60s_1,-0.22,78.18453431761193,81.38296232,13.915620211176122,15.864384068731987,67,39,0.2989233176696983
psychophysiology_arm_2.hr_avg_p5_60s_2,-0.34,73.92866499791045,78.52260475486487,13.194781522222353,13.700199952431303,67,37,0.10154071475007316
psychophysiology_arm_2.respr_count_p5_60s_1,0.17,19.783380088235297,19.058705058823524,4.172142490529003,4.116715014032418,68,34,0.4070694582789418
psychophysiology_arm_2.respr_count_p5_60s_2,0.15,18.91791502941177,18.300276399999998,4.107185551966321,4.108577989197831,68,35,0.4723110628947764
psychophysiology_arm_2.hr_avg_p10_60s_1,-0.24,75.51063963594203,78.51953325076921,12.390582388285361,12.693624729578842,69,39,0.23634552471183978
psychophysiology_arm_2.hr_avg_p10_60s_2,-0.31,73.14401955353844,76.86294586846152,11.678519817201387,12.685983924762212,65,39,0.14026793563212686
psychophysiology_arm_2.respr_count_p10_60s_1,-0.16,19.590943691176474,20.210566314285714,3.7157501509040616,4.220628411631382,68,35,0.4655406969755984
psychophysiology_arm_2.respr_count_p10_60s_2,0,19.093220279411764,19.10241830555556,3.6802833251862137,4.218849064686996,68,36,0.9912226378037831
biological_sample_arm_2b.ln_nd1_copies_ul_saliva_m5,0.47,7.042666666666666,6.132000000000001,1.934546648303751,1.8438310940669909,60,30,0.0337281031290472
biological_sample_arm_2b.ln_b2m_copies_ul_saliva_m5,0.44,3.877090909090909,3.1400000000000006,1.6832790670320885,1.5627976080210655,55,23,0.0701039409604693
biological_sample_arm_2b.ln_nd1_copies_ul_saliva_5,0.41,8.144333333333332,7.445454545454545,1.687722732737481,1.7460206379598773,60,33,0.0662173927495339
biological_sample_arm_2b.ln_b2m_copies_ul_saliva_5,0.53,4.657169811320755,3.7640000000000002,1.7787953760453585,1.44878212826236,53,30,0.015501756361196767
biological_sample_arm_2b.ln_nd1_copies_ul_saliva_10,0.35,8.199508196721311,7.479375,2.0255726978063167,2.0745880858152184,61,32,0.11398437345460974
biological_sample_arm_2b.ln_b2m_copies_ul_saliva_10,0.4,4.583684210526315,3.8213793103448275,1.9265333703488423,1.806946366778437,57,29,0.075584773063942
biological_sample_arm_2b.ln_nd1_copies_ul_saliva_20,0.6,8.012033898305084,6.7787500000000005,2.0626679907853327,1.9807602808827172,59,32,0.00679177107429551
biological_sample_arm_2b.ln_b2m_copies_ul_saliva_20,0.55,4.496481481481481,3.372,2.0767092595515617,1.8831364152978112,54,30,0.013954250454367819
biological_sample_arm_2b.ln_nd1_copies_ul_saliva_30,0.46,7.70953125,6.706969696969697,2.198044173688083,2.08031620921028,64,33,0.0308016273201125
biological_sample_arm_2b.ln_b2m_copies_ul_saliva_30,0.43,4.366101694915254,3.5222222222222226,2.0254910149267022,1.6829606086466822,59,27,0.0477966557256974
biological_sample_arm_2b.ln_nd1_copies_ul_saliva_60,0.4,7.682222222222223,6.8696875,2.085817271899979,1.9106416493149037,63,32,0.0618798720345739
biological_sample_arm_2b.ln_b2m_copies_ul_saliva_60,0.42,4.292033898305085,3.4707407407407405,2.021618316973001,1.7294128081428854,59,27,0.0577626543479534
biological_sample_arm_2b.ln_nd1_copies_ul_saliva_90,0.4,7.4603174603174605,6.650625,1.9942036718174552,2.0351427587240893,63,32,0.0698397665957162
biological_sample_arm_2b.ln_b2m_copies_ul_saliva_90,0.44,4.289259259259259,3.447241379310345,1.888103622687851,1.871097646821482,54,29,0.0562105814652566
biological_sample_arm_2b.ln_nd1_copies_ul_saliva_120,0.56,7.2073846153846155,6.1371875,1.9859044514740927,1.6608960550393153,65,32,0.00668328977327145
biological_sample_arm_2b.ln_b2m_copies_ul_saliva_120,0.38,4.0307272727272725,3.3573913043478254,1.8258999349336134,1.5131400746049568,55,23,0.0987778763331871
biological_sample_arm_2b.ln_nd1_copies_ul_serum_m5,0.19,7.948307692307692,7.733333333333333,1.0926695652603096,1.2138283102097538,65,33,0.39527144338501097
biological_sample_arm_2b.ln_b2m_copies_ul_serum_m5,0.26,3.330461538461538,3.0884848484848484,0.7939407856722351,1.1239192620360936,65,33,0.274699468810732
biological_sample_arm_2b.ln_nd1_copies_ul_serum_5,0.19,7.92421875,7.708235294117647,1.0504221444484207,1.2130014629090964,64,34,0.3834810872365495
biological_sample_arm_2b.ln_b2m_copies_ul_serum_5,0.17,3.3851562499999996,3.23030303030303,0.7920237133444931,1.0794514951136203,64,33,0.46933328448913403
biological_sample_arm_2b.ln_nd1_copies_ul_serum_10,0.02,7.908095238095238,7.885428571428572,1.0886390692242656,1.2007261108501435,63,35,0.9265603689764567
biological_sample_arm_2b.ln_b2m_copies_ul_serum_10,0.27,3.299047619047619,3.066857142857143,0.7768644882987789,1.0085014259040093,63,35,0.2424426352124847
biological_sample_arm_2b.ln_nd1_copies_ul_serum_20,0.03,7.963650793650794,7.935294117647059,1.0666382244671908,1.1874067371201364,63,34,0.9078520699775605
biological_sample_arm_2b.ln_b2m_copies_ul_serum_20,0.17,3.2333333333333334,3.076764705882353,0.8296015366894033,1.0048902264433794,63,34,0.4404543169460714
biological_sample_arm_2b.ln_nd1_copies_ul_serum_30,0.1,8.03016129032258,7.917575757575757,1.1193374678807042,1.2263819508594942,62,33,0.6622588698472989
biological_sample_arm_2b.ln_b2m_copies_ul_serum_30,0.38,3.299032258064516,2.9624242424242424,0.8225942761803376,0.9853775618482183,62,33,0.0993058995138302
biological_sample_arm_2b.ln_nd1_copies_ul_serum_60,0.08,8.172295081967214,8.077741935483871,1.1132121592380357,1.1328274645841392,61,31,0.704841266196049
biological_sample_arm_2b.ln_b2m_copies_ul_serum_60,0.28,3.505409836065574,3.241935483870969,0.8688183043085818,1.084332111962132,61,31,0.24565120249499384
biological_sample_arm_2b.ln_nd1_copies_ul_serum_90,-0.01,8.18032258064516,8.190666666666667,1.115041670531976,1.21269416030456,62,30,0.9687518844950715
biological_sample_arm_2b.ln_b2m_copies_ul_serum_90,0.3,3.5306451612903222,3.232666666666666,0.9853731438805916,0.9897750818462133,62,30,0.18054371099547503
biological_sample_arm_2b.ln_b2m_copies_ul_serum_120,0.21,3.5926984126984127,3.3941935483870966,0.8780627620106082,1.0230404820714523,63,31,0.3589328238178129
biological_sample_arm_2b.ln_nd1_copies_ul_serum_120,0.08,8.171428571428573,8.069354838709677,1.219995844972905,1.3331939980959784,63,31,0.7211583897470455
biological_sample_arm_2b.ln_nd1_copies_ul_plasma_m5,0.09,8.348125,8.270588235294117,0.834039462733524,0.7802639070890584,64,34,0.6489965036705585
biological_sample_arm_2b.ln_b2m_copies_ul_plasma_m5,-0.03,1.907258064516129,1.9251515151515153,0.6716365365500744,0.6349907539293446,62,33,0.898399781798096
biological_sample_arm_2b.ln_nd1_copies_ul_plasma_5,0.07,8.284126984126983,8.220882352941176,0.8577533199052626,0.799133499095185,63,34,0.718138597391585
biological_sample_arm_2b.ln_b2m_copies_ul_plasma_5,0.13,1.8950000000000002,1.8071875,0.6854476818767162,0.6722529975700633,62,32,0.5532152213325302
biological_sample_arm_2b.ln_nd1_copies_ul_plasma_10,0.26,8.221129032258064,8.0040625,0.860238443571925,0.7864860984559842,62,32,0.22383138538425795
biological_sample_arm_2b.ln_b2m_copies_ul_plasma_10,0.11,1.8888524590163938,1.8046666666666662,0.7139329995656822,0.7515764275419909,61,30,0.6116704705380627
biological_sample_arm_2b.ln_nd1_copies_ul_plasma_20,0.15,8.361451612903226,8.226875,0.9055219430933661,0.8101192166349901,62,32,0.46620815618360323
biological_sample_arm_2b.ln_b2m_copies_ul_plasma_20,0.22,2.003606557377049,1.8278125,0.7967664500694568,0.8206320710085255,61,32,0.325453237064001
biological_sample_arm_2b.ln_nd1_copies_ul_plasma_30,0.25,8.151935483870966,7.9396969696969695,0.8578658971009272,0.8209921012427768,62,33,0.24171220579991623
biological_sample_arm_2b.ln_b2m_copies_ul_plasma_30,-0.12,1.9283333333333335,2.0725806451612905,0.6624176742367635,1.790344413312581,60,31,0.6673488100631231
biological_sample_arm_2b.ln_nd1_copies_ul_plasma_60,0.19,8.206065573770491,8.056666666666667,0.7312301933238363,0.8664606297971683,61,30,0.4202296293988578
biological_sample_arm_2b.ln_b2m_copies_ul_plasma_60,-0.01,1.8833898305084744,1.8906666666666665,0.6428053015936219,0.6930339760459245,59,30,0.9619163086243129
biological_sample_arm_2b.ln_nd1_copies_ul_plasma_90,0.21,8.234032258064516,8.057096774193548,0.8030116665698431,0.8670762886404982,62,31,0.3459370876396125
biological_sample_arm_2b.ln_b2m_copies_ul_plasma_90,0.43,1.9667213114754096,1.6824137931034482,0.6412766467796236,0.6910533118384975,61,29,0.0677019527685521
biological_sample_arm_2b.ln_nd1_copies_ul_plasma_120,0.01,8.10904761904762,8.104193548387096,0.8521428667998036,0.7737000891540526,63,31,0.9780317383578689
biological_sample_arm_2b.ln_b2m_copies_ul_plasma_120,0.24,2.0340983606557375,1.8716666666666666,0.6194712181884923,0.7359257989832911,61,30,0.30287367177128427
biological_sample_arm_2b.hgba1c_edta1,-0.84,5.147058823529412,5.654054054054054,0.34747300474347786,0.8943012774086676,68,37,0.00189529314621667
biological_sample_arm_2b.glucose_serum,-0.46,92.4927536231884,106.86111111111111,9.12111833378967,52.0928581766817,69,36,0.10929925528043329
biological_sample_arm_2b.cholesterol_serum,-0.4,178.20289855072463,193.83333333333334,40.465518985538395,36.81808561795994,69,36,0.049574026442681704
biological_sample_arm_2b.insulin_serum,-0.47,8.301470588235293,13.25,6.433436273307144,15.764394343972054,68,32,0.0958906688695396
biological_sample_arm_2b.sodium_serum,-0.04,140.1159420289855,140.19444444444446,1.8354053237561172,2.1885343359615224,69,36,0.8545605066263079
biological_sample_arm_2b.potassium_serum,-0.13,4.45072463768116,4.513888888888889,0.3197532083294852,0.6659698739551762,69,36,0.5935472960046171
biological_sample_arm_2b.chloride_serum,0.6,103.81159420289855,102.47222222222223,2.164386629039716,2.348082635575687,69,36,0.00584181609820057
biological_sample_arm_2b.co2_serum,0.07,25.768115942028984,25.583333333333332,2.4623334672636883,2.5898152167949853,69,36,0.7252600724092513
biological_sample_arm_2b.bun_serum,-0.69,13.115942028985508,16.083333333333332,3.9390064135517364,4.8660632372145995,69,36,0.00249197315744748
biological_sample_arm_2b.creatinine_serum,0.32,0.8255072463768116,0.7697222222222222,0.15074848776808636,0.21065186054057616,69,36,0.16381036960613612
biological_sample_arm_2b.albumin_serum,-0.3,4.6057971014492765,4.697222222222222,0.25889133421698635,0.362913693880996,69,36,0.18467686238552442
biological_sample_arm_2b.calcium_serum,0.03,9.492753623188404,9.480555555555558,0.32463501703936704,0.40905427124697874,69,36,0.8771778205822787
biological_sample_arm_2b.triglycerides_serum,-0.47,87.94202898550725,121.86111111111111,66.28700610357673,82.68948897714623,69,36,0.0373620367027842
biological_sample_arm_2b.hdl_serum,0.17,61.11594202898551,58.19444444444444,16.878054174059052,16.49037718436239,69,36,0.39549888393912835
biological_sample_arm_2b.cpeptide_serum,-0.22,1.4188405797101449,1.5903225806451613,0.6806734040896215,0.9870342238948885,69,31,0.38476192287525457
biological_sample_arm_2b.wbc_edta1,-0.32,5.5630434782608695,6.098378378378378,1.6346660968166682,1.7227392810958457,69,37,0.12508020409011575
biological_sample_arm_2b.neutroabsolute_edta1,-0.2,3.240724637681159,3.515405405405405,1.307616060354041,1.4398082329767905,69,37,0.3373400412684735
biological_sample_arm_2b.lymphabsolute_edta1,-0.51,1.6499999999999997,1.8762162162162166,0.4597761603726958,0.41432241438650536,69,37,0.011774905553065259
biological_sample_arm_2b.monoabsolute_edta1,-0.11,0.4568115942028985,0.47243243243243255,0.12457566509630143,0.15408160546003258,69,37,0.5975718587930479
biological_sample_arm_2b.eosabsolute_edta1,-0.05,0.15710144927536235,0.16378378378378378,0.14245847123734154,0.11607831052429292,69,37,0.7951310756218521
biological_sample_arm_2b.basoabsolute_edta1,-0.02,0.0463768115942028,0.047027027027027,0.0479880810720608,0.0304471185340588,69,37,0.9323797000185039
biological_sample_arm_2b.fibrinogen_blue,-0.2,289.1940298507463,301.62857142857143,60.82743569734176,67.03909557962767,67,35,0.36229682617882275
biological_sample_arm_2b.crp_serum,-0.11,1.9593939393939392,2.431428571428571,2.8237099866271835,5.950309503990303,66,35,0.659607942037311
biological_sample_arm_2b.scr_max_sc_5_min,-0.32,7.126942307692308,8.54490625,3.883443107495635,4.998579452135828,52,32,0.17629496856694593
biological_sample_arm_2b.scr_max_sc_10_min,-0.17,7.4789200000000005,8.330599999999999,4.631257328463727,5.252411949072409,50,30,0.46641555573620885
biological_sample_arm_2b.fgf21_fasting_pgml,-0.87,234.99401887572307,657.7876065397058,345.2860220851915,668.2173591573363,65,34,0.00125824803076454
biological_sample_arm_2b.fgf21_s1_pgml,-1.27,109.01376055984616,567.8221556651516,152.66527398389218,580.421812390491,65,33,8.318124378964387e-05
biological_sample_arm_2b.fgf21_s2_pgml,-1.42,103.7694514355781,594.7181415594118,151.52279665527567,546.9113763542616,64,34,1.0271030721921203e-05
biological_sample_arm_2b.fgf21_s3_pgml,-1.34,99.47584527817742,608.5332480194285,145.7324342627609,600.7085663032489,62,35,1.8170335253672907e-05
biological_sample_arm_2b.fgf21_s4_pgml,-1.32,99.77358676314516,565.6714608805881,150.25767580037675,553.9861991668533,62,34,2.7494008944321163e-05
biological_sample_arm_2b.fgf21_s5_pgml,-1.35,98.643347685,568.866513769697,151.2782328376733,549.603266599162,62,33,2.839019769161413e-05
biological_sample_arm_2b.fgf21_s6_pgml,-1.34,106.02441726891803,643.7491423132259,161.75929536843478,652.8877935727182,61,31,8.122048835658192e-05
biological_sample_arm_2b.fgf21_s7_pgml,-1.29,111.98186958209835,682.0409830110345,179.15846332601825,730.5434434790658,61,29,0.000262238205863127
biological_sample_arm_2b.fgf21_s8_pgml,-1.27,105.82515573257143,678.4250576180646,185.73016139653495,739.0139540990344,63,31,0.000174435607042805
biological_sample_arm_2b.gdf15_t_fasting1,-1.57,436.96896519264703,1534.62168599375,196.4779593095074,1200.2062397655661,68,32,1.3415253904760607e-05
biological_sample_arm_2b.gdf15_t_minus5,-1.72,385.26771520461534,1406.1179051705885,157.7657271089884,983.1118640948241,65,34,8.350114779036828e-07
biological_sample_arm_2b.gdf15_t_5,-1.74,395.35427337343754,1371.9796667823528,164.5046914586211,921.3386119898132,64,34,5.774037996780374e-07
biological_sample_arm_2b.gdf15_t_10,-1.7,404.2064110634921,1372.5683649060604,165.0354672024131,942.9319213386256,63,33,1.4834523211245903e-06
biological_sample_arm_2b.gdf15_t_20,-1.87,395.97924662222215,1427.9297024,171.24317529843535,918.281359762996,63,32,4.4844674831708385e-07
biological_sample_arm_2b.gdf15_t_30,-1.69,382.0853102758065,1379.3474958757574,162.82864234151057,973.3104334555597,62,33,1.5408478952731464e-06
biological_sample_arm_2b.gdf15_t_60,-1.71,406.7848994213115,1395.1110203599999,182.92183528309022,969.2078057522444,61,30,5.105228358741219e-06
biological_sample_arm_2b.gdf15_t_90,-1.69,412.6877286209678,1453.232576658064,195.1921083645636,1026.6124125425424,62,31,3.885895970354057e-06
biological_sample_arm_2b.gdf15_t_120,-1.57,415.73927441904766,1422.9089061677414,210.29508753691294,1071.3610220166527,63,31,1.2471204936345757e-05
biological_sample_arm_2b.lactate_nmolul__t_m5,-1.15,0.68476951304,1.1543369327916666,0.3006131015364654,0.5668936761499873,50,24,0.000659974586555807
biological_sample_arm_2b.lactate_nmolul__t_5,-1.01,0.7853426278400001,1.2480036843749998,0.3533370358116651,0.6129123529338912,50,24,0.00172961879027585
biological_sample_arm_2b.lactate_nmolul__t_10,-1.05,0.7241963364,1.2171752544583334,0.3439695679753037,0.6501032344548806,50,24,0.0015559621473579
biological_sample_arm_2b.lactate_nmolul__t_20,-1.05,0.60279150624,1.1089721031666666,0.34604219359786453,0.6745777077334186,50,24,0.00167857706283763
biological_sample_arm_2b.lactate_nmolul__t_30,-0.7,0.6840672607999998,1.06241477,0.4852910844873095,0.6174925699419169,50,24,0.012165845191154233
biological_sample_arm_2b.lactate_nmolul__t_60,-0.82,0.60206540392,1.0114794022083333,0.360513280905961,0.6929939649344079,50,24,0.0108190822046678
biological_sample_arm_2b.lactate_nmolul__t_90,-0.62,0.47930641968,0.772940009375,0.33254736753397846,0.6701459176265339,50,24,0.0517668604769516
biological_sample_arm_2b.lactate_nmolul__t_120,-0.91,0.4748040556000001,0.8609147639583333,0.23633829936065678,0.658751430699832,50,24,0.00983779067189424
