ReleaseID,Multisensory,Cold,Stress,Nback,Age,GroupID,NMDAS,Nback_ACC,Behavioral_Available,GeneticDiagnosis,Sex,Race,CNS_Eyes,PhysicalFatigability,MentalFatigability,NMDAS_Vision,NMDAS_Psychiatric,Multisensory_meanFD,Multisensory_meanDVARS,Cold_meanFD,Cold_meanDVARS,Nback_meanFD,Nback_meanDVARS,Patient_Group,GDF15
PC4E828883B,1.58329729163066,1.94215427575131,-0.319756299668792,1.34002546482213,46.130995160749,0,24,0.175,0,Single Deletion,Female,White,0,23,15,1,1,0.169575462706452,27.9639961981567,0.207620024487068,28.8579100140845,0.1682459904802405,27.15194639175255,,924.9422756
PD8FB1975A8,1.64580114584832,1.3342158767415,-0.691780595458183,1.77567956121524,48.274776347221,0,28,0.80625,1,Single Deletion,Female,White,0,36,24,4,3,0.0948602908918125,25.3038349708141,0.14141121016402,25.936878603073,0.1450580032840205,25.64577669329895,2,4543.456978
P95423AA6E8,2.12067444302828,2.19474042651467,0.810084785156167,2.53680538734591,40.529237424451,1,0,0.74375,1,Control,Female,Black or African American,1,18,16,0,0,0.132225254067588,28.4041076466974,0.218154780735723,29.025530893726,0.144921500148958,29.8948767250859,,604.4950704
P78E15D77A5,4.92391121131521,0.556431915598484,NaN,0.682178041232879,42.511482097511,0,36,0.5875,1,Single Deletion,Female,Hispanic or Latino,0,41,34,0,3,0.117300713751152,28.5509064884793,0.127492896879641,28.3874379846351,0.3313821818187285,31.74696766323025,2,NA
P7C07C91863,1.0046943502099,0.925128196242325,-0.0165496107779839,0.42011089475387,27.316098208724,0,39,0.70625,1,Single Deletion,Female,White,0,37,13,2,3,0.0915139932811059,23.9887670737327,0.107312970222791,25.4691064673496,0.1041429855398141,24.9017887233677,2,NA
PB556C6DE6A,4.40695397386265,4.67629467371114,2.3011917550804,4.04380008692955,27.477634722137,1,0,0.9125,1,Control,Female,Black or African American,1,25,20,0,0,0.0753959556519201,28.2821572196621,0.100091856113956,27.297235659411,0.1023917958191234,28.8066942620275,,290.3146455
P4E1EE318EF,6.09430504774345,0.502424540278047,1.35939128618447,4.66802808404966,20.145519757421,0,0,0.65,1,3243 A>G,Male,White,1,10,0,0,0,0.114671236357634,28.7352142549923,0.0986407481163636,28.0626751613316,0.09075954170632644,28.49262624398625,1,289.5306921
PB74328369A,2.40399773687444,-0.641288051620708,-0.709048126399018,4.72344012982594,22.57404327262,1,0,0.90625,1,Control,Male,"Black or African American,Hispanic or Latino",1,6,12,0,0,0.16887073419662,27.7791858049155,0.181051756488732,29.0582309129321,0.1453845660016835,28.5643035085911,,200.4024474
P759B18AE3E,NaN,NaN,NaN,NaN,NaN,NaN,0,,0,Control,Male,Asian,1,13,8,0,0,,,,,,,,450.1189009
P28EE3ED9DC,5.857809515856,2.5027470044795,1.20502651352996,3.996686324629,28.137470310821,0,1,0.76875,1,3243 A>G,Female,White,1,7,3,0,0,0.104311845573272,28.310790015361,0.102979906602945,27.9140136696543,0.107327349638179,28.10415121563575,1,168.303032
P440D861F57,7.81661583683468,1.46520514423933,NaN,6.28566445533623,29.9800817265241,0,11,,0,3243 A>G,Female,White,1,18,19,2,0,0.0911014414500767,27.0524282780338,0.112902346941101,25.6928845236876,0.104332339408935,26.6478894716495,,353.9940038
P8FFD60074F,2.02497011291863,3.23472662308455,0.625379267141844,1.98536498777736,31.850072212297,1,0,0.66875,1,Control,Male,White,1,19,19,0,0,0.0868975249821812,28.4235695437788,0.139233507652753,29.6381588617157,0.1531320574392612,29.70062460137455,,297.8187607
PDF56CCDE33,2.34464527820236,1.03782830756838,0.590265551929854,NaN,44.436230723423,0,8,NaN,0,3243 A>G,Male,White,1,17,13,0,0,0.148707824556682,26.7583161336406,0.14161120063662,28.2787690102433,0.0935313425821306,26.1361750893471,,749.7748513
P322C8C89BD,2.9268294481867,3.06281272869523,2.35341091131559,3.70252083764139,25.454321443972,0,4,0.94375,1,3243 A>G,Female,White,0,26,10,0,0,0.0888171774838709,25.3634959585253,0.104489493249552,25.7699490153649,0.1004306606975774,24.98108486254295,1,1526.255571
PD3EB9FEFEC,3.29584906896136,0.884414537573992,2.23397263272653,2.43829401492457,27.573461467381,0,11,0.875,1,3243 A>G,Female,White,0,34,24,0,0,0.0995190857004608,30.0922630184332,0.166892568209987,29.2127003226632,0.1085915139974915,29.6893123006873,1,NA
P8E82C8CE51,0.354741554926585,1.99742650337066,0.343879316950769,-0.895277929346092,42.048775813329,1,3,0.13125,0,Control,Male,Black or African American,1,30,35,0,0,0.216995112142243,30.3953891597542,0.179400312614597,29.406048056338,0.208925039229553,29.0755574321306,,275.625931
P8D98AF1DEF,2.67703053915351,0.339343355904747,3.14638142733708,2.38317529354972,51.907978945495,0,9,0.825,1,Single Deletion,Male,White,0,26,27,0,1,0.147222987571736,35.7152170215054,0.196440417736748,37.2503464955186,0.228067562262285,36.223532145189,1,1534.104448
PCA5AB9BB66,4.09960301373828,4.07561473853866,2.82473328541182,3.02076377387884,31.792576165151,0,1,0.88125,1,3243 A>G,Female,White,1,10,15,0,0,0.0952372100184332,26.0016696451613,0.151646092253521,25.9112417477593,0.08766753983591061,26.71864886254295,1,762.766194
P8AE7F0B778,1.41387414488801,0.195300852445606,NaN,2.13434455222377,46.831899354538,0,32,0.68125,1,3243 A>G,Female,White,0,11,3,0,3,0.20788377588172,27.862326655914,0.148929934171575,26.3260644699104,0.2425324865307585,28.063931007732,2,2763.916881
PCB135CD0CE,5.64430457264904,0.913305956696367,0.112700538074745,4.11403492232372,27.81987309801,1,4,0.90625,1,Control,Female,White,1,24,24,0,3,0.108208683489401,28.6709726989247,0.133269051581818,28.4326064174136,0.132887807993557,28.4527603410653,,299.777881
PEB3741D03E,4.19738326875773,1.31897179396443,2.52286511518372,3.21492685696992,23.896452356996,1,1,0.90625,1,Control,Female,White,1,7,12,0,1,0.117694048319816,25.8483651858679,0.126036368947503,25.9567845121639,0.1089211501896907,24.9053913015464,,358.2119396
PB062E16659,4.98477237005101,0.358427154012428,1.69133554292658,1.49892891364988,52.058563830879,1,0,0.75,1,Control,Male,White,1,3,2,0,0,0.191347618046697,34.1175613210445,0.223683641285531,34.9764559475032,0.1945464436871135,33.76293209879725,,802.6323969
P3273E7300D,3.36981635905332,2.00041931646853,1.84695097938174,2.61800733241393,44.532057468668,0,9,0.925,1,Single Deletion,Female,White,0,28,28,0,0,0.166130299845315,27.5730738187404,0.157981784113956,27.5817053892446,0.1452270005034365,28.0481602508591,1,696.3462344
P3082946B17,4.31920482739495,1.20353531569104,1.57902056983593,2.31696869024064,33.188908738715,0,2,0.8875,1,3243 A>G,Female,White,1,16,7,0,0,0.0938473325917051,28.6494171013825,0.151048659619784,27.6016678399488,0.118510309339347,29.6438881709622,1,NA
P8D063DAD85,1.72927214491221,1.12476999318291,1.62809942757179,2.97083049152476,35.592791090851,1,1,0.8125,1,Control,Male,White,1,24,21,0,0,0.0844464012505376,29.0252057895545,0.126028921138284,28.1111206350832,0.1101536063226806,28.56741279467355,,365.1468377
P8C2F8F93A3,2.8855249007849,0.189088371989096,0.828137790848668,1.63863311334175,52.417229648795,1,0,0.1125,0,Control,Female,White,1,18,13,0,0,0.123720944279723,28.6619299155146,0.124249455279641,29.1197246991037,0.14270571594622,29.515496774055,,930.1890379
P63BE83F931,4.56351652902446,2.31774002825959,0.837895393062505,0.265479627718149,23.485766305947,1,0,0.74375,1,Control,Female,White,1,21,23,0,0,0.12137050142765,28.1611409953917,0.232530935784123,28.6088497336748,0.1460477538474315,27.9335612242268,,184.4605972
P3699A8EB5A,4.22997571829278,0.57389599804448,2.71571731994791,1.65320630495964,33.314852461036,1,0,0.89375,1,Control,Female,White,1,11,11,0,0,0.0974932786872504,31.032384655914,0.0815289147236218,30.2110274058899,0.08892438925704466,30.23386900429555,,190.8014018
P0A6CFFC2DA,3.72833719199382,1.44487958500195,1.56486800138932,2.75923864593321,24.7424656221551,1,0,0.925,1,Control,Female,White,1,9,5,0,0,0.123038302417819,27.7848815576037,0.14295890771831,25.7863656850192,0.1010468852685567,27.13402504295535,,485.8339536
P8ED4882A10,3.90264980854064,1.79713789996511,2.36781942572434,3.45449924381206,24.523433061596,0,1,0.88125,1,3243 A>G,Male,White,1,14,12,0,0,0.129893870479386,28.7606578602151,0.166569550527529,27.3937650704225,0.1030947962051545,26.95935821821305,1,173.081601
PE442FE0D59,6.20995573428445,2.41080933154024,1.13311141111069,0.739544753485457,25.1750549292593,1,1,0.80625,1,Control,Male,White,1,7,11,0,0,0.0901772748233487,23.4308115330261,0.190457943779769,27.0042862893726,0.1023550214579036,26.0521557989691,,228.9995828
P1D7DFAB77D,1.72203730153603,0.410263653027214,1.84074414645372,0.620674119574001,49.813480085149,0,24,0.625,1,MELAS,Female,White,1,28,3,2,1,0.151586312523963,29.1019941889401,0.1519405144758,29.0453455646607,0.167649138327148,29.62366781701035,2,NA
P234B406DDE,4.92811870170241,0.532559989686667,4.6744963435327,2.37431669235946,27.44751774506,1,1,0.9,1,Control,Female,White,1,10,12,0,0,0.26415574615361,28.8084537634409,0.236800759646607,26.5938442099872,0.204588339348636,28.82893477319585,,311.0067227
P3D7D865D7C,5.32031441173595,1.12671263288701,1.00513137646487,4.71715633547155,41.681896274393,0,20,0.04375,0,Single Deletion,Male,White,0,24,9,0,0,0.0877302138615975,28.314047374808,0.09102562851242,28.7502632419975,0.1450049314103955,27.79508546993125,,2165.056807
P956E54BB3F,2.61726634663112,2.37457987278634,2.16667736947747,1.66139610125475,33.076654551428,0,4,0.81875,1,MELAS,Male,White,1,26,15,0,2,0.188558804466974,29.4632453302611,0.180456356572599,28.8975293162612,0.191916887987294,28.92784792783505,1,781.342433
PB173A12BDA,4.03192094570067,5.39399272307491,2.18208842604753,2.21006771302028,47.23984749858,1,5,0.58125,1,Control,Female,White,1,5,11,0,2,0.205393191299232,33.4925748571429,0.428899658902689,35.4634167605634,0.3141419828393475,36.31498131185565,,434.3813968
P433676531C,NaN,-1.04059309656709,0.180522769565665,1.65946132252787,39.710603229361,0,33,0.525,1,Single Deletion,Female,White,0,38,36,3,2,,,0.141158679429962,30.8528025915493,0.141052020597079,29.86450662285225,2,NA
P02539A0507,3.63905359298445,1.75883365201191,2.40850342372365,1.55146464260815,52.28581011246,1,4,0.675,1,Control,Female,White,1,24,19,0,3,0.098279074112596,27.6099985007681,0.118598000517286,27.3529274148528,0.101398608951727,27.17422467783505,,360.5227195
PBF4FADA7E6,NaN,NaN,NaN,NaN,NaN,NaN,45,,0,Single Deletion,Female,White,0,30,34,2,3,,,,,,,,NA
P481647742E,-0.00209997638159129,1.82316709886279,-0.652477635475234,2.5686617479284,30.574207547041,1,0,0.825,1,Control,Female,White,1,23,19,0,0,0.238540992351766,32.4413062196621,0.227473449883483,34.6542192957747,0.1873079985463915,34.53543076804125,,266.0875608
P1933C3F16F,5.06706457457716,2.18496807544506,0.922363847162581,1.79101634751029,38.585323449489,1,11,0.7375,1,Control,Female,Hispanic or Latino,0,30,22,2,5,0.125112964967742,27.5524235023041,0.148553231699104,26.5548679654289,0.1755373878042525,26.5880986091065,,218.2810711
P481FA436D3,2.5632927908536,2.97683558254871,0.632936100037023,1.54602173617624,25.550148189217,1,5,0.80625,1,Control,Male,White,0,18,7,0,0,0.102073048634716,28.5606469139785,0.133520607773367,27.9371923841229,0.12013497558512,31.17225043728525,,326.1765644
PBD56909086,2.08849032297155,-0.485777777513366,1.61855267202248,3.5032432953383,28.041643565576,1,2,0.95,1,Control,Female,White,1,36,37,0,1,0.143138851371275,27.9700397357911,0.138737485323175,28.3099102740077,0.105756694635567,28.54983688487975,,167.3381469
PB433239FC2,4.2696446468249,0.314843891694558,1.37334533329962,2.61139277910965,25.191482371301,1,4,0.85625,1,Control,Female,White,1,13,7,0,2,0.110808169696866,27.5240306850999,0.114630438909091,26.6835660384123,0.09940096638824715,27.97213182646045,,751.012135
P2B2050DCB4,3.03431519877257,1.44926748030583,NaN,3.22968522493971,28.9314633428475,1,1,,0,Control,Male,White,1,11,14,0,0,0.115079072994224,27.2864561643625,0.148930311491677,28.7283618450704,0.136089922572852,27.7403072491409,,437.4608958
PC929CB9AA0,3.38863905172663,2.83966792221994,2.00829397133381,2.04536158890979,33.7885103732451,1,0,0,0,Control,Female,Black or African American,1,5,5,0,0,0.0921393875609831,27.4413621382488,0.0951748646463508,27.8499243226632,0.1632335496215635,28.4091953530928,,683.6039079
P45357C1409,3.79251776694746,-0.514261862789369,1.40665903345571,3.3173942093127,53.419303613353,0,7,0.75625,1,3243 A>G,Female,White,1,14,2,1,2,0.132761609706175,28.4513509984639,0.141272300393982,29.6566757349552,0.135242720396048,28.1854203969072,1,1204.391185
PEBC454A2A3,2.98608793907365,3.06138976754241,-0.525698166070463,3.18480684491382,27.280505417633,1,0,0.8875,1,Control,Female,Black or African American,1,9,10,0,0,0.112620139402458,26.1840293563748,0.192866142456082,45.5861444379001,0.187394703555412,40.0223857852234,,322.012913
PEEBCC4F576,NaN,NaN,NaN,NaN,NaN,NaN,0,NaN,0,Control,Female,White,1,18,17,0,0,,,,,,,,230.7853493
P9F378E1AD2,2.31389317973917,0.961700426808182,0.0143094287537115,3.08008617425764,22.393341410159,1,1,0.79375,1,Control,Female,White,1,30,23,0,1,0.147702345791091,27.8964477357911,0.128976661909731,27.2470185915493,0.1412389987457045,25.7674993565292,,200.807147
P68E4A49E5A,NaN,NaN,NaN,NaN,NaN,NaN,0,NaN,0,Control,Female,White,1,7,2,0,0,,,,,,,,438.2936062
PE299BFFB39,0.540457823049269,1.3007454166835,4.99357951992408,1.10544689457509,37.8351369295741,0,25,0.475982532751092,1,Single Deletion,Male,Asian,0,35,26,2,0,0.179233832172043,26.6118410092166,0.114759410309859,26.6425021754161,0.115688654294433,27.6483636434708,2,3384.590245
P9E5DC7120D,4.39566480875309,3.80642663888263,2.21989439719915,3.81154130683041,36.0664490030596,0,1,0.875,1,3243 A>G,Male,White,1,13,6,0,0,0.108431907417511,28.5707177741935,0.114171069731114,28.6122146888604,0.107828467907388,28.23600185652925,1,367.0430634
PF1EEC3A201,NaN,NaN,NaN,NaN,NaN,NaN,15,,0,MELAS,Male,White,0,22,25,0,0,,,,,,,,1837.45602
PE914F3754A,1.83861874625527,-0.959450271326962,0.655264227492377,-0.614504264054526,54.0380705969321,1,3,0.65625,1,Control,Male,Black or African American,1,19,19,2,0,0.128894102139785,31.4170129170507,0.142377885705506,29.3738188950064,0.1464861391743985,31.48373257302405,,633.2304642
P0197E5068B,4.93170188883138,0.833750803982779,1.84748104712107,2.93236190940357,38.7961422890271,1,1,0.94375,1,Control,Female,White,1,21,11,0,1,0.164503145078341,29.4253888540707,0.200226034777209,28.5945194020487,0.148260888690378,28.2530439364261,,438.8005368
PDF57550300,3.2252497094312,1.54806081014539,1.51354482285277,1.80917905140318,33.0629650163932,1,,0.83125,1,Control,Female,White,,17,15,,,0.112182966475883,27.7294812488479,0.121583893031242,26.5554598079385,0.08537434542036079,26.4483644218213,,331.3863843
P6CB07F1B44,4.11901048728299,1.16872240907799,2.40146494513758,1.88641793950098,43.30273722253,1,0,0,0,Control,Female,Asian,1,11,13,0,0,0.105309221953917,30.7448676605223,0.105038055148656,28.5016135889885,0.147420265030069,29.70582777319585,,459.2503571
P64C2461B0A,1.64992738312335,0.864523848297576,0.258777094902112,3.35153420492464,33.4216308343087,1,,0.85,1,Control,Male,White,,8,4,,,0.116346520013057,24.2713157511521,0.0651011273296286,25.0236015147247,0.0844339549042955,25.6773598848797,,220.3399046
P423D725F6C,3.80941634397957,1.67949973692301,2.10247813030894,3.59192860910254,24.0881058474848,1,1,0.90625,1,Control,Female,"Hispanic or Latino,White",1,18,17,0,0,0.135987328760676,29.7205158970814,0.135483910163764,29.4777855121639,0.128959446057663,29.3662505223368,,237.5251678
PB2AA0EB6AD,5.14877640194051,1.60784945117918,1.86047876774298,2.56273950405296,33.4079412992737,1,0,0.8,1,Control,Female,White,1,20,21,0,0,0.37023794125745,31.1437031428571,0.478782868036876,34.1365210256082,0.3311187859020615,30.86750483247425,,319.4442997
PFD2EDBA87A,4.23049713058026,0.286924253128397,0.898366728094838,1.76270785861845,28.1374703108208,1,0,0.775,1,Control,Female,White,1,19,16,0,0,0.120068395679014,29.3890668233487,0.14300349152484,29.2167392330346,0.1120143153123455,29.3122840360825,,533.2464078
PBBDB7D5034,3.48300872343549,1.25340483187653,3.08428305128715,3.029619844412,26.6918554111309,1,0,0.975,1,Control,Female,White,1,16,17,0,0,0.0789870152427035,26.7928481889401,0.0675637212764963,27.2342565275288,0.0833496196871993,27.38197254639175,,NA
PCE6B5E710D,4.45424958461336,0.428172143978151,1.92824751422641,1.12460789451079,53.487751288527,0,9,0.75,1,Single Deletion,Male,White,0,19,20,0,0,0.132964154719508,31.6737894731183,0.149685090571421,30.1995373495519,0.163853529668557,30.94145477061855,1,792.3808392
P73742BAB5D,NaN,NaN,NaN,NaN,NaN,NaN,2,,0,Control,Female,Black or African American,1,11,17,0,2,,,,,,,,446.1181483
P834CD1E446,4.00800096973647,5.21345886947253,2.92782358416267,3.21136451672393,24.41117887431,1,1,0,0,Control,Female,Hispanic or Latino,1,21,19,0,0,0.120544714948387,31.1341552949309,0.0914140247661971,31.4438204058899,0.08328649175695871,30.83453849484535,,402.2752122
PC9D93E9BAD,NaN,NaN,NaN,NaN,NaN,NaN,2,,0,Control,Female,White,1,21,22,0,2,,,,,,,,NA
P58BB5B4F30,NaN,NaN,NaN,NaN,NaN,NaN,5,,0,3243 A>G,Male,White,1,13,13,0,1,,,,,,,,620.8821367
P61F876F81E,3.73048711328959,1.25330585530324,2.18840018417537,1.41467681189832,22.645228854802,1,4,0.8625,1,Control,Female,White,1,23,21,0,3,0.09603663933702,27.3023879923195,0.0965657657052496,26.6747899167734,0.08306135659461335,26.43794857130585,,350.2490667
P265538EFA3,0.954512079679502,0.135724534124197,1.87186069150554,0.685223617355076,53.0661136094512,1,1,0.675,1,Control,Female,White,0,7,0,0,0,0.122460786990169,27.0871893655914,0.165961724924456,27.7443914263764,0.1206338952079035,28.14554872164945,,605.2032291
P7443D0A7CF,-0.384465699425067,2.24903643353738,1.18060388641087,1.71099888493837,33.427106648323,1,0,0.65625,1,Control,Male,Hispanic or Latino,1,0,0,0,0,0.088882659288172,30.2377027557604,0.1188617664,27.9149101946223,0.09444403962139195,31.0377772895189,,363.6251701
P9FD7595C4F,4.65201650489083,-0.2806762205552,-0.106979529893501,NaN,25.0408974859168,1,2,NaN,0,Control,Female,White,1,8,7,0,1,0.129568808798925,34.6132710998464,0.160682936334443,30.5324256414853,0.09711677462288895,21.35952818611749,,349.3630227
P09E8B746E3,2.69009180817529,3.31636460250881,0.584098546304007,1.87692114669826,49.824431713177,1,0,0.6625,1,Control,Male,Black or African American,1,32,27,0,0,0.102197644304147,28.656059655914,0.142383259203585,29.517321184379,0.17565425580756,28.1753844338488,,502.944104
P5E989C3B12,1.21536439704813,2.99118958707216,-0.365060894623216,2.97491947581204,24.7068728310642,1,0,0.8625,1,Control,Female,Asian,1,14,13,0,0,0.143174305067281,29.7173087296467,0.30655330187452,31.7492786709347,0.164336072620103,28.8175022079038,,218.3837743
P3A013C4346,3.2853277358362,2.21169161165405,0.0819934677934972,0.861651797113059,49.120789612381,1,2,0.66875,1,Control,Female,White,1,13,0,0,0,0.176694812998464,29.7167108940092,0.230497343270166,31.2656699078105,0.2630772202773195,29.88242954982815,,819.0008145
PCDECE2EEA4,4.44786697619431,0.646332400565152,0.764833165713323,2.85319827431196,26.116894939663,1,4,0.925,1,Control,Female,White,1,19,16,1,3,0.143659503387404,25.9080902304147,0.210403577099104,24.9894300896287,0.144202243281271,24.4591508462199,,356.2327752
PCD16179D9B,NaN,NaN,NaN,NaN,NaN,NaN,2,NaN,0,Control,Female,White,1,11,1,0,0,,,,,,,,613.5632541
P0287658B8F,3.84539058548984,1.36513540884381,0.406580137660236,1.31861622591937,56.6199169045223,1,0,0.41875,1,Control,Female,Asian,1,12,50,0,0,0.13640439018126,30.1108067235023,0.204606353131882,29.811426787452,0.148937755831615,30.66669135395185,,433.1548659
P1DA7E69FEC,1.28144855499256,-3.32671069700969,1.29450899691064,1.49276530523184,45.350691663758,1,2,0.675,1,Control,Female,Hispanic or Latino,1,7,4,0,0,0.120335892718894,34.2738862995392,0.195691260828425,33.2607942010243,0.1269697396070445,33.35503966151205,,521.3314
P74AEEC3029,3.44143998502651,2.8084497949016,1.23096953134019,0.486615249489864,23.578855144185,0,26,0.65,1,3243 A>G,Female,"American Indian or Alaska Native,White",1,36,38,0,1,0.177031070746943,31.319999313364,0.237742847713188,29.3629640768246,0.1932806668436425,29.2714361065292,2,3725.436602
P430269BFCC,4.35913950814547,0.856300496438167,0.545948997580285,0.843624511156535,47.0892626131953,1,8,0.30625,0,Control,Other,White,1,25,18,2,3,0.127880985960369,30.7047331474654,0.151147592765685,30.1242294737516,0.138437385548969,31.3086014725086,,531.0619472
P7BD0135BFB,4.20280166365231,-0.867165355335667,0.987086423572321,1.87484584114944,58.495383204309,1,1,0.28125,0,Control,Female,White,1,12,23,0,0,0.103363090743164,29.2456349462365,0.162267998864277,29.1468243085787,0.1082222407800685,29.77870556099655,,725.8994582
PB6B8CB27A4,2.40784158167137,1.05991920235367,-0.587353567690649,0.856262889955303,36.9726962223728,0,6,0.51875,1,3243 A>G,Female,White,1,22,23,0,1,0.0914446137483871,27.039321328725,0.124733601431498,27.4357490140845,0.1155877881181275,26.3888123573883,1,1481.243004
P66335C1F3D,2.10486855240849,2.21195594230185,-0.630380230576065,0.726441097552025,44.255528860962,1,0,0.7625,1,Control,Male,Asian,1,17,3,0,0,0.145303494067588,29.0100654254992,0.163906846821665,27.7140770012804,0.1245988230781785,28.5412839948454,,1211.003165
P347F9B02AC,4.67833835267996,-0.0241196389685727,0.756754825744054,1.61947831264899,46.697741911196,1,0,0.775,1,Control,Male,White,1,2,7,0,0,0.1226593755553,33.3744667695852,0.125153203939309,32.3470551715749,0.1198009866241405,31.0525304621993,,339.0113423
P9B125EC7FF,NaN,NaN,NaN,NaN,NaN,NaN,22,,0,Single Deletion,Female,"Black or African American,White",1,28,12,1,0,,,,,,,,NA
PA2AE2327A7,NaN,NaN,NaN,NaN,NaN,NaN,2,,0,Control,Male,White,1,4,2,0,0,,,,,,,,477.0317956
PDC4B2D1283,3.60943614113245,2.24048418381812,NaN,0.90738804802742,36.906986454205,1,5,,0,Control,Male,"American Indian or Alaska Native,Black or African American",1,9,8,0,1,0.116945212770507,28.4980156313364,0.156826785469654,28.084949787452,0.1197681127045535,27.98131279295535,,382.7889002
PA998DEF612,3.75835136559678,0.38501394586293,NaN,2.66790287539622,27.1600375093259,0,5,0.825,1,3243 A>G,Female,White,1,19,18,1,2,0.149564407187711,35.4514494024578,0.149547146518566,35.6253630665813,0.138783579413574,36.59291456958765,1,1181.151324
PCBA6D5456A,NaN,NaN,NaN,NaN,NaN,NaN,36,,0,Single Deletion,Female,White,1,38,32,3,0,,,,,,,,2348.535733
P5AB4BF272A,2.02107182751356,-0.650507875570206,0.674961702081312,-0.0494817810084387,46.9989116819647,1,1,0.7,1,Control,Female,Hispanic or Latino,1,7,8,0,0,0.105442767460829,25.2843792611367,0.148807852526889,23.7933632266325,0.1226723879766325,24.40968331013745,,372.6712295
PC1D651869B,2.24080256279252,1.3269414646348,2.08821749915618,0.37021970096763,48.6443937931648,1,7,0.73125,1,Control,Female,Hispanic or Latino,1,22,16,0,0,0.134232294549462,28.8350124700461,0.180314682399488,27.6030552202305,0.1110889121003438,27.86308442611685,,460.1275602
P72BA92179E,3.22859060646699,4.50179987806349,1.40177185601512,0.674126142296962,49.1755477525205,1,16,0.58125,1,Control,Female,Black or African American,1,30,29,0,3,0.212297286443625,32.6036211044547,0.301293950775928,34.7154184942382,0.2112129608181275,33.623002378866,,491.91701
PC5AA75827D,NaN,NaN,NaN,NaN,NaN,NaN,36,,0,3243 A>G,Female,"Black or African American,Hispanic or Latino",0,28,33,2,5,,,,,,,,2222.38221
P49CABD8F62,1.70480963811194,0.89828058153953,0.221619083097494,2.62887410089262,44.9892879388351,1,0,0.81875,1,Control,Male,"Black or African American,White",1,5,2,0,0,0.0977501154915975,25.1444135990783,0.115659740335211,28.6365316632522,0.1066384611812884,26.65033944931275,,552.1145882
PCDE5EBAEA0,NaN,NaN,NaN,NaN,NaN,NaN,3,NaN,0,3243 A>G,Female,White,1,9,3,0,0,,,,,,,,1039.863986
PCDF09BAFA8,NaN,NaN,NaN,NaN,NaN,NaN,6,0.825,0,3243 A>G,Female,White,0,18,0,0,0,,,,,,,,695.5107653
P6C35FC4901,4.03840875544095,0.416867385056783,0.0654097189193697,2.95385640677549,37.8159715805252,1,6,0.7625,1,Control,Male,White,1,18,24,0,3,0.106502855545315,30.0392876774194,0.158546865784891,29.3217505800256,0.1185536823926115,31.47756606185565,,209.3714714
P29B14FFF30,3.16961935765092,-0.209937235757679,1.00206989021193,3.19706340745381,31.9294715154999,1,1,0.86875,1,Control,Male,White,1,9,16,0,0,0.100330199661137,29.6230124746544,0.100616063866453,29.9164180256082,0.100767114751194,29.2939930927835,,355.0185983
P291B928FB4,4.48553443548641,3.66353168754708,1.60972825320486,1.79697000994667,53.48501338152,1,2,0.9,1,Control,Female,White,1,12,2,0,0,0.108684790898618,30.7094675483871,0.159673828094148,29.8015021203585,0.1213105011649485,28.66294037285225,,623.190462
P2597A5CAD5,1.91290370775818,0.580181512885495,0.00836868022043213,NaN,39.655845089222,1,2,0.1625,0,Control,Male,White,1,12,11,0,0,0.14041991877573,27.0486285069124,0.156168723775237,29.0303289359795,0.1585699753812715,28.05402425252005,,415.2129175
P75DB4F0BB0,3.1681909671452,2.0174447375333,3.19908366267057,1.75043229158891,47.505424478258,1,8,0.28125,0,Control,Female,White,1,18,9,0,0,0.178941624032258,31.0011128095238,0.265729839467951,30.7057227618438,0.2422274232292095,30.70476104381445,,504.882274
P816168283B,1.6815058950187,0.740306709164679,0.144510142683532,1.3539190617786,31.6994873269129,0,3,0.65625,1,3243 A>G,Female,White,1,9,0,0,0,0.114601718373272,25.9173656835637,0.130985852896287,26.0100856414853,0.1217859302156355,25.68859193986255,1,1229.15884
P4B9E14CB77,NaN,NaN,NaN,NaN,NaN,NaN,26,,0,MELAS,Male,White,0,24,24,2,0,,,,,,,,1796.440351
P3F5A7FB1DB,2.50067175654017,-0.330453769541824,1.54015845971675,0.84739033688256,44.8825095655626,1,0,0.33125,0,Control,Female,White,1,12,11,0,0,0.137738546439017,26.2321581321045,0.15726499059283,26.2374686440461,0.1399698063823025,25.65690662542955,,559.2789358
PDB3B7D52BE,NaN,NaN,NaN,NaN,NaN,NaN,13,,0,Single Deletion,Female,White,0,14,14,0,0,,,,,,,,4717.990103
P44DC103873,NaN,NaN,NaN,NaN,NaN,NaN,35,,0,MELAS,Female,White,1,38,38,1,3,,,,,,,,1017.919281
P496429189B,5.19146313057102,2.54756142183539,2.60772381216928,3.47660653424882,40.370438818046,0,14,0.7625,1,Single Deletion,Female,White,0,34,12,0,0,0.137832147480799,30.194435625192,0.16592426358694,28.1558891101152,0.184550750658591,28.6080921881443,1,2012.646261
PC6579D3101,4.96207901542855,0.684908393961679,-1.281765021048,2.1356946893588,47.426025175055,1,4,0.8,1,Control,Female,White,1,23,10,0,3,0.194047237812596,27.7041959339478,0.253310634263764,27.1533959167734,0.2368611662233675,27.40994250773195,,768.2349281
P973E1741BD,NaN,NaN,NaN,NaN,NaN,NaN,0,NaN,0,Control,Male,White,1,15,16,0,0,,,,,,,,467.8051694
