ReleaseID,GroupID
PC4E828883B,0
PD8FB1975A8,0
P95423AA6E8,1
P78E15D77A5,0
P7C07C91863,0
PB556C6DE6A,1
P4E1EE318EF,0
PB74328369A,1
P759B18AE3E,1
P28EE3ED9DC,0
P440D861F57,0
P8FFD60074F,1
PDF56CCDE33,0
P322C8C89BD,0
PD3EB9FEFEC,0
P8E82C8CE51,1
P8D98AF1DEF,0
PCA5AB9BB66,0
P8AE7F0B778,0
PCB135CD0CE,1
PEB3741D03E,1
PB062E16659,1
P3273E7300D,0
P3082946B17,0
P8D063DAD85,1
P8C2F8F93A3,1
P63BE83F931,1
P3699A8EB5A,1
P0A6CFFC2DA,1
P8ED4882A10,0
PE442FE0D59,1
P1D7DFAB77D,0
P234B406DDE,1
P3D7D865D7C,0
P956E54BB3F,0
PB173A12BDA,1
P433676531C,0
P02539A0507,1
PBF4FADA7E6,0
P481647742E,1
P1933C3F16F,1
P481FA436D3,1
PBD56909086,1
PB433239FC2,1
P2B2050DCB4,1
PC929CB9AA0,1
P45357C1409,0
PEBC454A2A3,1
PEEBCC4F576,1
P9F378E1AD2,1
P68E4A49E5A,1
PE299BFFB39,0
P9E5DC7120D,0
PF1EEC3A201,0
PE914F3754A,1
P0197E5068B,1
PDF57550300,1
P6CB07F1B44,1
P64C2461B0A,1
P423D725F6C,1
PB2AA0EB6AD,1
PFD2EDBA87A,1
PBBDB7D5034,1
PCE6B5E710D,0
P73742BAB5D,1
P834CD1E446,1
PC9D93E9BAD,1
P58BB5B4F30,0
P61F876F81E,1
P265538EFA3,1
P7443D0A7CF,1
P9FD7595C4F,1
P09E8B746E3,1
P5E989C3B12,1
P3A013C4346,1
PCDECE2EEA4,1
PCD16179D9B,1
P0287658B8F,1
P1DA7E69FEC,1
P74AEEC3029,0
P430269BFCC,1
P7BD0135BFB,1
PB6B8CB27A4,0
P66335C1F3D,1
P347F9B02AC,1
P9B125EC7FF,0
PA2AE2327A7,1
PDC4B2D1283,1
PA998DEF612,0
PCBA6D5456A,0
P5AB4BF272A,1
PC1D651869B,1
P72BA92179E,1
PC5AA75827D,0
P49CABD8F62,1
PCDE5EBAEA0,0
PCDF09BAFA8,0
P6C35FC4901,1
P29B14FFF30,1
P291B928FB4,1
P2597A5CAD5,1
P75DB4F0BB0,1
P816168283B,0
P4B9E14CB77,0
P3F5A7FB1DB,1
PDB3B7D52BE,0
P44DC103873,0
P496429189B,0
PC6579D3101,1
P973E1741BD,1
