ReleaseID,dcf_age,pi_sex,pi_income,dcf_bmi,dcg_adj_wgt,l_cat,pi_geneticdiagnosistype
PC4E828883B,46.130995160749,2,1,27.74998647990915,164.20000000000002,3,2
PD8FB1975A8,48.274776347221,2,2,25.469387755102,171.60000000000002,2,2
P95423AA6E8,40.529237424451,2,2,28.440954975164,156.2,2,0
P78E15D77A5,42.511482097511,2,1,18.698267396184,85.3,1,2
P7C07C91863,27.316098208724,2,2,22.66824973739,132.5,3,2
PB556C6DE6A,27.477634722137,2,2,23.964131106988,148.8,3,0
P4E1EE318EF,20.145519757421,1,3,23.324150596878,139.70000000000002,2,1
PB74328369A,22.57404327262,1,1,32.589786756453,232.3,2,0
P759B18AE3E,34.374422472741,1,2,21.077823275625,153.6,2,0
P28EE3ED9DC,28.137470310821,2,5,20.977773012596,148.70000000000002,5,1
P440D861F57,29.98008172652416,2,1,24.297628630623,147.3,3,1
P8FFD60074F,31.850072212297,1,2,24.01059778109,176.9,3,0
PDF56CCDE33,44.436230723423,1,7,23.807003113641,175.4,5,1
P322C8C89BD,25.454321443972,2,2,20.920208605869,119.3,4,1
PD3EB9FEFEC,27.573461467381,2,3,33.123536427185,228.3,2,1
P8E82C8CE51,42.048775813329,1,3,26.711560044893,190.4,1,0
P8D98AF1DEF,51.907978945495,1,7,25.455404708713,189.6,4,2
PCA5AB9BB66,31.792576165151,2,4,20.880043033889,121.3,5,1
P8AE7F0B778,46.831899354538,2,5,18.916437098255,113.3,3,1
PCB135CD0CE,27.81987309801,2,2,27.598347458659,164.3,5,0
PEB3741D03E,23.896452356996,2,1,23.246595211171,151.3,5,0
PB062E16659,52.058563830879,1,1,32.766753509084,228.4,3,0
P3273E7300D,44.532057468668,2,1,34.718530825985,228.6,1,2
P3082946B17,33.188908738715,2,3,24.036203981968,163.8,3,1
P8D063DAD85,35.592791090851,1,3,17.804079576933,141.4,3,0
P8C2F8F93A3,52.417229648795,2,2,21.182330853113,122.3,6,0
P63BE83F931,23.485766305947,2,7,21.493850065279,117.3,6,0
P3699A8EB5A,33.314852461036,2,5,20.207432740576,120.3,4,0
P0A6CFFC2DA,24.742465622155144,2,2,19.637384233595267,129.3,3,0
P8ED4882A10,24.523433061596,1,3,24.832150278048015,165.4,6,1
PE442FE0D59,25.17505492925933,1,1,21.462054429087395,156.4,6,0
P1D7DFAB77D,49.813480085149,2,3,15.750240029343,87.6,2,3
P234B406DDE,27.44751774506,2,1,26.959647495362,167.4,5,0
P3D7D865D7C,41.681896274393,1,7,20.801173111204,177.6,3,2
P956E54BB3F,33.076654551428,1,4,34.757645272866,277.5,5,3
PB173A12BDA,47.23984749858,2,2,47.466399532515,284.3,3,0
P433676531C,39.710603229361,2,3,19.221077732435,125.1,3,2
P02539A0507,52.28581011246,2,1,19.513981446047,118.3,4,0
PBF4FADA7E6,47.10295214823,2,4,20.49001986567,108.3,2,2
P481647742E,30.574207547041,2,2,22.582611971309,116.3,3,0
P1933C3F16F,38.585323449489,2,2,28.284801136364,159.3,2,0
P481FA436D3,25.550148189217,1,2,23.439388683926,178.4,4,0
PBD56909086,28.041643565576,2,1,21.621170381501,129.5,3,0
PB433239FC2,25.191482371301,2,2,18.874289772727,106.3,3,0
P2B2050DCB4,28.93146334284756,1,1,26.331199265729,168.4,2,0
PC929CB9AA0,33.788510373245174,2,1,22.414994174804,149.3,3,0
P45357C1409,53.419303613353,2,4,32.894383230314,168.3,2,1
PEBC454A2A3,27.280505417633,2,6,26.449499302128,182.3,3,0
PEEBCC4F576,41.210976269191,2,3,18.4660618882,113.3,3,0
P9F378E1AD2,22.393341410159,2,1,19.32218460381,124.3,5,0
P68E4A49E5A,32.542762685065,2,2,22.192589156874874,137.8,1,0
PE299BFFB39,37.83513692957419,1,2,18.991988253695,130.9,1,2
P9E5DC7120D,36.06644900305961,1,5,24.682016358592,164.4,3,1
PF1EEC3A201,43.88591141501879,1,4,15.551957815314,102.4,2,3
PE914F3754A,54.03807059693217,1,2,29.138802273224,205.4,5,0
P0197E5068B,38.79614228902715,2,2,22.6480951187,137.3,4,0
PDF57550300,33.06296501639322,2,3,28.42146241043,172.3,3,0
P6CB07F1B44,43.30273722253,2,3,22.632590930941,124.3,4,0
P64C2461B0A,33.421630834308715,1,5,22.763795736769,171.4,4,0
P423D725F6C,24.08810584748489,2,3,22.120248343702,142.3,5,0
PB2AA0EB6AD,33.40794129927377,2,2,41.991371257191,273.3,3,0
PFD2EDBA87A,28.13747031082089,2,2,22.066687637621897,140.3,3,0
PBBDB7D5034,26.691855411130962,2,2,21.909405473419,139.3,4,0
PCE6B5E710D,53.487751288527,1,7,25.734073672652,181.4,5,2
P73742BAB5D,23.576117237178,2,1,24.031986531987,171.3,4,0
P834CD1E446,24.41117887431,2,2,21.37371049524,134.3,2,0
PC9D93E9BAD,35.628383881941,2,2,22.414994174804,149.3,5,0
P58BB5B4F30,34.927479688152395,1,1,26.741343494279,186.4,5,1
P61F876F81E,22.645228854802,2,5,20.586025544703,123.3,5,0
P265538EFA3,53.06611360945126,2,7,20.081632653061,135.3,5,0
P7443D0A7CF,33.427106648323,1,3,26.972203645687358,194.4,4,0
P9FD7595C4F,25.04089748591689,2,3,21.12299465240642,134.3,5,0
P09E8B746E3,49.824431713177,1,1,26.02403277823048,181.4,4,0
P5E989C3B12,24.70687283106429,2,3,23.260727993238277,134.3,4,0
P3A013C4346,49.120789612381,2,3,26.909090909090907,181.3,1,0
PCDECE2EEA4,26.116894939663,2,2,28.107244318181813,158.3,2,0
PCD16179D9B,57.68496273024087,2,7,21.004971590909083,118.3,4,0
P0287658B8F,56.61991690452234,2,7,27.76070083762391,202.3,6,0
P1DA7E69FEC,45.350691663758,2,3,36.877786000119244,210.3,2,0
P74AEEC3029,23.578855144185,2,3,31.49558679827228,197.9,1,1
P430269BFCC,47.089262613195345,2,2,27.322404371584696,201.3,4,0
P7BD0135BFB,58.495383204309,2,4,21.387427998998252,128.10000000000002,5,0
PB6B8CB27A4,36.972696222372804,2,2,22.650585269784255,101.89999999999999,4,1
P66335C1F3D,44.255528860962,1,3,26.241187384044526,176.8,3,0
P347F9B02AC,46.697741911196,1,1,23.030543244574158,153.4,5,0
P9B125EC7FF,19.165349048919552,2,,17.792671062587825,82.3,2,2
PA2AE2327A7,38.295105306748255,1,2,26.741343494278727,186.4,3,0
PDC4B2D1283,36.90698645420508,1,2,24.968182273805578,164.4,2,0
PA998DEF612,27.160037509325996,2,4,24.007510292425494,147.3,6,1
PCBA6D5456A,49.764197759023,2,3,35.03393542804608,207.3,3,2
P5AB4BF272A,46.99891168196472,2,3,21.70193013814412,125.3,2,0
PC1D651869B,48.64439379316482,2,4,23.660520291932844,138.3,2,0
P72BA92179E,49.175547752520586,2,1,33.37533320709093,183.3,4,0
PC5AA75827D,22.809503275221257,2,1,25.094762704092147,119.3,2,1
P49CABD8F62,44.989287938835155,1,2,23.548934524832443,175.4,6,0
PCDE5EBAEA0,48.206328672047,2,7,20.836463811670423,124.8,5,1
PCDF09BAFA8,61.665879518402,2,6,26.31734395353971,169.3,4,1
P6C35FC4901,37.815971580525265,1,4,22.80982653987141,164.4,6,0
P29B14FFF30,31.929471515499976,1,3,22.834308548594258,166.4,4,0
P291B928FB4,53.48501338152,2,3,29.699714833570972,193.3,3,0
P2597A5CAD5,39.655845089222,1,2,23.76543209876543,169.4,4,0
P75DB4F0BB0,47.505424478258,2,6,28.270217033593966,188.3,3,0
P816168283B,31.69948732691294,2,4,21.875129899821253,126.3,3,1
P4B9E14CB77,37.136970642792,1,1,14.746829596590084,89.4,2,3
P3F5A7FB1DB,44.88250956556261,2,4,23.1062296460487,125.3,3,0
PDB3B7D52BE,56.84168737208841,2,7,15.326048553176454,96.3,4,2
P44DC103873,31.819955235220437,2,4,19.868060645808413,113.3,1,3
P496429189B,40.370438818046,2,4,25.136762772351616,171.3,1,2
PC6579D3101,47.426025175055,2,1,33.694503171247355,219.3,2,0
P973E1741BD,32.85762199086908,1,5,31.5293180158045,237.4,5,0
