ReleaseID,ValsCT_1,ValsCT_2,ValsCT_3,ValsFA_1,ValsFA_2,ValsFA_3,ValsGrey_1,ValsGrey_2,ValsGrey_3,ValsWhite_1,ValsWhite_2,ValsWhite_3
PC4E828883B,2.4849888853368958,1.0049195588764421,1.1720826613824034,0.18453695567579806,0.36312755155159876,0.2943162300424028,0.5705239479426834,0.1142132315748031,0.2072949035152557,0.32872932402642724,0.8803896725887326,0.30619047589791104
PD8FB1975A8,2.491206888731274,2.2316829468468424,1.3425737308449317,0.20374835702435715,0.40538623276726404,0.23613364497611145,nan,nan,nan,0.5126656158380672,0.9196249289336637,0.38239631180573097
P95423AA6E8,2.7521850222958597,1.0039776377395606,1.5091347343045614,0.22021465497112738,0.38388181884859524,0.2833548658104761,0.630231782709836,0.08920187563501303,0.21835515201831465,0.3853403978452252,0.9265016653387534,0.28388301001553085
P78E15D77A5,2.1859317668250737,0.9659031861168066,1.1165003390793087,0.18968687889888589,0.38293162051815605,0.3395859800542424,0.601304344671837,0.15992567677017497,0.2683392798318337,0.2633869283458657,0.8401280474320332,0.2583247179316694
P7C07C91863,2.4785684579927394,0.9700543458485533,1.6273967859510852,0.18295359354990795,0.3604014873351637,0.3165920322599919,0.5909682861250477,0.1200282634989136,0.18585545612966245,0.3502533425430125,0.8898315848746761,0.27121389527449935
PB556C6DE6A,2.4584844499503857,0.9516399783987792,1.3490823872181699,0.21018505996257847,0.4087964381426409,0.3036407679546949,0.015043197635230555,0.004022628767415881,0.01935311146080494,0.42610889204958796,0.8352177023220263,0.2999008802516027
P4E1EE318EF,2.755231243575934,1.1330428085099933,1.3861742267899433,0.21615938968467818,0.41411910142487135,0.3212769965253248,nan,nan,nan,0.46729211416007177,0.9090792738786374,0.3246302296053025
PB74328369A,2.5437392067608844,0.9504861977694165,1.3932227942019413,0.20338521995248612,0.3938533919533995,0.2962913666740977,0.6550370059424935,0.10523785692528595,0.32354390145496287,0.39606878802734496,0.9343393153177859,0.3355518111179719
P28EE3ED9DC,2.4912420895913203,0.9356643391764041,1.3684052666045965,0.2078935104068451,0.4071765718962169,0.31616619579640176,0.6486906902138646,0.10901605828452432,0.30269152047603,0.37682698511347834,0.928995403268231,0.3396790589502192
P440D861F57,2.3424663990187025,0.8985662914035414,1.2917896513055398,0.20309406560845003,0.40323691991084254,0.3162720115104362,0.5160599515272247,0.11372768021420762,0.1933488029458869,0.31867831620380843,0.8727061018798414,0.2555769665787909
P8FFD60074F,2.5781970662763753,1.0255500257969934,1.5971650410911071,0.2060770280014603,0.408945975988417,0.31815107478902793,nan,nan,nan,0.47318726414517887,0.8987408423026848,0.2829201394241102
PDF56CCDE33,2.353345531261598,0.9671731714623376,1.299309174845667,0.2094704910026223,0.40096198558027446,0.342466654626175,0.5710118296238489,0.10092341622748234,0.2010048081964199,0.34751500434016186,0.903240630842437,0.3209438535565944
P322C8C89BD,2.4089649373884057,0.983460704639226,1.2735807839532212,0.21659700148972325,0.4238221947273562,0.3387195318508766,0.5702288324224171,0.0863386963330447,0.21426033437124095,0.3694226665648428,0.9223352163220417,0.3192330445316452
PD3EB9FEFEC,2.442040484308168,0.9728519024624519,1.2313012548487021,0.19681449911745438,0.3875570803055417,0.30132240212875694,0.5932796241174264,0.1065835354014497,0.21320650731934557,0.39695105997440666,0.922633048472621,0.3301201767374469
P8E82C8CE51,2.4849929252800145,0.9952883759477034,1.472772967900109,0.20488519194816016,0.3944644719775335,0.2982385582544379,0.6278549739777864,0.07717356682741454,0.3325717650017173,0.4073042765204112,0.9521454518450494,0.32894345787161555
P8D98AF1DEF,2.169186909680931,0.9062333910590891,1.20413738771638,0.2156060517696562,0.4314542472523419,0.3420728580796174,0.6305075382905007,0.09876693939083077,0.3333492481925393,0.3721533875228808,0.9272711204551448,0.3508412663728521
PCA5AB9BB66,2.457614213211424,0.923207272052507,1.199613526668678,0.1995605938682455,0.3882870486135008,0.33169606461543444,0.6554386345917838,0.11830703701663445,0.23565468112055601,0.2914352314714339,0.8868349250690143,0.2953702380895978
PCB135CD0CE,2.4662717452537692,0.9045945164831017,1.3659137336139848,0.21705897809020594,0.4157280844136153,0.31615675062429455,0.5008390239576099,0.09482635627420091,0.1547417957530307,0.33148803047157877,0.8774043835146287,0.27761714469541504
PEB3741D03E,2.262936298302774,0.943022283740033,1.241799546473677,0.20899436644100206,0.4215644589161759,0.3102512929571077,0.43864145781480285,0.0832991765698243,0.10361572958408742,0.3174809045799043,0.8742175962350398,0.2782745953969852
P3273E7300D,2.360999772380472,0.9528750176418938,1.1485997418846474,0.2106272999271336,0.39925576293835446,0.3185906060994161,0.6232819596862103,0.10249428398007494,0.29753565138683813,0.3798955262222078,0.9243019725425932,0.33990029965761637
P3082946B17,2.4264220974736683,1.0548670534168658,1.103131407214365,0.2026865591944328,0.4057919546187852,0.3444027245462936,0.6334326014815409,0.10835030385506036,0.23224089683575425,0.3444124128242637,0.9081136316255068,0.3078708620739507
P8D063DAD85,2.406547297723839,0.8633020061949959,1.3736993996983284,0.2118471635968582,0.369439865358584,0.3257615315733669,0.6058033707393181,0.07888648653344436,0.24561326778797118,0.4050521936236312,0.9401262230544216,0.30687437265568374
P8C2F8F93A3,2.4715132281218604,0.9219970440504585,1.306652092126016,0.20527705952733527,0.39512734399926785,0.3004847529927036,0.69213907207756,0.10988880450417629,0.3420219463387225,0.3162207964266743,0.9095101965195898,0.3164408447073623
P3699A8EB5A,2.4247945353823543,1.0934645646069965,1.235164178942425,0.20643100046548488,0.40134195899154956,0.35058205888955896,0.6161880408684282,0.0995389427279864,0.21899024362455466,0.3498896699172952,0.9152656342944389,0.31049535659676747
P0A6CFFC2DA,2.524109565864572,0.9840360738998142,1.1501157815421112,0.20953453306333625,0.40033007678431737,0.30602313069202347,0.642545040416528,0.09058036860797736,0.28154084510218697,0.3702989190991559,0.9269777310368335,0.31706203363107377
PE442FE0D59,2.486227350844102,1.0206060558752188,1.6054389941173546,0.18402983978759616,0.37593480995656564,0.27435769206283445,0.48743797493167296,0.08975873071196115,0.13972425703214342,0.33173649601685223,0.8992579435462642,0.3101566091160432
P1D7DFAB77D,1.7034589251636578,0.8741161594172485,0.9672029845275067,0.18523232325939257,0.334056224338801,0.31056007292538096,0.5781771509522545,0.08651538865067694,0.319999448100341,0.35603830808141734,0.9339178403878493,0.27214320164406147
P234B406DDE,2.5757854932052173,1.1136631215338673,1.3581583819438336,0.19698500833208624,0.38048458053730866,0.28778566909272013,0.48815658999405026,0.11729701463951292,0.14890316579749752,0.25815039529179,0.8314001545836011,0.22774764727476415
P3D7D865D7C,2.2933243921765074,0.9210664093385844,1.0489804636066613,0.19740170416565048,0.39001591890504445,0.28721928462306817,0.6655431114738948,0.12098052519954432,0.3143504526943305,0.34804400992085693,0.9062642022875266,0.33431612382880754
P956E54BB3F,2.5748768390135597,1.0546707004710116,1.5888499920979395,0.20245263322908527,0.3934080685913219,0.27112045485158826,0.6468136860489716,0.0957130564139029,0.27927135331292635,0.39792151095780887,0.9336120243896896,0.3400495210023478
PB173A12BDA,1.9803150415186621,0.8701795195079718,1.0230559158421955,0.2017268623095665,0.3577290213823808,0.27180347958271733,0.5561414764930287,0.12939278502865642,0.22620651951295634,0.28004978478182785,0.8271657576620605,0.20777214502013408
P433676531C,2.4979981298736633,1.1172487593171399,1.1815518563582168,0.1731392640189318,0.34167305221220906,0.31499670111035444,0.5749056548727276,0.08758685413880644,0.17865392397847052,0.3424890713620967,0.909034286462328,0.27589272315584007
P02539A0507,2.3762726065322295,0.9538594815359143,1.1869480279063824,0.20771872558054202,0.4233371934541201,0.2992988765423208,0.6718596988579154,0.11407228763220864,0.357226673506868,0.3783765737844569,0.9255510804977348,0.34450288438012705
P481647742E,2.4757938770642416,0.9727832231690041,1.2600122942500978,0.19332459791237466,0.3668147287684918,0.3053069375015903,0.7039652822347988,0.11900656853988964,0.3526566391146733,0.3331180041933827,0.9122810483813131,0.3058866759869721
P1933C3F16F,2.4237697790186097,0.9373203703582411,1.0744487944881582,0.21030424662380895,0.3975143247388873,0.3527105809052009,0.6329379685325841,0.1091853823637232,0.2084256874371544,0.33886799825742625,0.9138486080665069,0.31086746629385215
P481FA436D3,2.5966442917460935,1.039471800299349,1.4159974717653403,0.1948638857641307,0.35422467788605616,0.2599236292162256,0.6744339171636259,0.12298352986409529,0.3612994555002788,0.41280554640114075,0.93994440369497,0.3518463420132194
PBD56909086,2.6726899160042223,1.030438867663434,1.601136007020007,0.20169404527850224,0.3777570101558151,0.2966784429613872,0.6820752404945742,0.11953679773660247,0.3806923506694417,0.4209407642619785,0.9419491638969347,0.34542281818749954
PB433239FC2,2.3910115134174057,0.9224304128920899,1.1393397359693742,0.20515854794290883,0.39462967387786585,0.3153215580921298,0.6318474720818609,0.09187154179962556,0.2948431912650964,0.4051145210572017,0.9423459306604678,0.3293581631616698
P2B2050DCB4,2.3756938857286727,0.9285660592352875,1.142423375326146,0.21183583008417864,0.4008372354353801,0.3128314422195526,0.6327198060114503,0.10398333824867904,0.3662361132042222,0.418038562570314,0.943177611112076,0.35067433277415555
PC929CB9AA0,2.5431719878631287,0.9581004280360098,1.4449538406928024,0.19826173034795216,0.3805087062846463,0.28278731370503746,0.3339511116040047,0.06109621287198488,0.1477520652340727,0.3198363103584731,0.857243608103844,0.28100254655040224
P45357C1409,2.339419287954508,0.9993983701327432,1.1946060463885806,0.19215031959638065,0.3548386290297907,0.28388491521919174,0.04825336582992653,nan,nan,0.46573823807742853,0.8740602974335552,0.3642114789476998
PEBC454A2A3,2.3395939117380364,1.005702630120436,1.1554143242182808,0.381328318004703,0.503666315954874,0.316708521306643,nan,nan,nan,0.5589585726599112,0.9522612694998497,0.4346591275133464
P9F378E1AD2,2.5293846260347848,0.9119390731221924,1.4219958030989255,0.20985690510771013,0.4113253571002686,0.2869279601947791,nan,nan,nan,0.3798676154471995,0.7801686545690198,0.2969217343679257
PE299BFFB39,2.3016919060554675,1.1161365892852475,1.0292435480747963,0.1906255775953298,0.3713879205984666,0.24808728772094985,0.6347538461529062,0.12153980031462402,0.2828122019277305,0.3476799193713094,0.9128844028861018,0.3328861956262366
P9E5DC7120D,2.537424614206425,0.9570115378454837,1.272742747862901,0.20222198885326054,0.36260292517329645,0.30682647341523683,0.6463652526762244,0.09488292361942817,0.2976590872885745,0.40153862444434507,0.9381339678903098,0.3306089454836055
PE914F3754A,2.323181361254127,0.9293251753667905,1.1398101647381873,0.19832766197392954,0.3484673016811399,0.3004792512894074,0.04723495776289403,nan,nan,0.4717655635561161,0.9112942120692638,0.307676910094732
P0197E5068B,2.5624501235543136,0.9929811327096533,1.3298242806043146,0.1971448331105028,0.3885298929616191,0.27804300089261685,0.651756584751786,0.10150655590636637,0.28812627561670967,0.3361708208098034,0.9192181461396278,0.3314558474008948
PDF57550300,2.5260666959937006,0.9601136409156026,1.5512095474711203,0.20368041016649485,0.38658766577545994,0.2640776407654193,0.6223513101884549,0.08905824952936933,0.24305107849353577,0.4079723300375004,0.9388311950811027,0.3319787325019091
P6CB07F1B44,2.2898780882407035,0.9726766134070512,1.2513543011372912,0.19938413486698933,0.39383463103770894,0.3160888825457711,nan,nan,nan,0.41828611753642186,0.8580663293055583,0.3145561213079916
P423D725F6C,2.738903838945391,1.023298688351626,1.6415295081981502,0.2055462461401953,0.40226021150173275,0.29829852835253784,0.6350504028320473,0.10058112786893914,0.21425753613726425,0.3692589113935584,0.9259064598897563,0.3219418066998475
PB2AA0EB6AD,1.8233517859813966,0.9263300774852333,1.1623595909899405,0.188989128166415,0.3534733433662869,0.2765340808125699,0.5370449267642183,0.10105088319962707,0.16746416357461297,0.26383919291098845,0.8571975925639479,0.20150086538433093
PFD2EDBA87A,2.4359554745195373,0.9935226563551974,1.1534103455997184,0.19974738498739938,0.39350945795998116,0.2940299256164194,0.6561104863428573,0.1053076457807556,0.2911991288794705,0.3585134087275844,0.9241762352438588,0.32130617629730246
PBBDB7D5034,2.4576281337703954,0.9581327449112901,1.4041474049808684,0.19678518658254454,0.37864087859138806,0.2874095381101375,0.6182465148945218,0.10160768240093401,0.19029379728798584,0.32788076197452953,0.8975174201346794,0.2518043641460461
PCE6B5E710D,2.310566150860989,0.9593370196097322,1.23983410018074,0.20282270103926442,0.39064807718106576,0.28201112388547933,0.6226913457885512,0.09169834254201137,0.31464896726005415,0.39578832257392205,0.9379142756880807,0.3542319102229559
P834CD1E446,2.691011707532078,1.0226168456350015,1.567188758959139,0.20332088006482646,0.37647138564600646,0.2969097662578926,0.5751033456215711,0.0878422974903694,0.20423893448050204,0.39766498077904994,0.9264721477828894,0.2996383609200846
P61F876F81E,2.4916804429352464,0.9585259933667232,1.4691326071706416,0.20329522672875547,0.3916137466614518,0.2808331054765804,0.4590344871383705,0.08293897091013377,0.12887567632140945,0.367961482446025,0.9040040338451826,0.29694780474129867
P265538EFA3,2.47777889325236,0.9481805921286975,1.5285295695696461,0.18902932994005722,0.3346718569761995,0.24809162186707306,0.5782524854924252,0.0790768349846632,0.19937578465698827,0.36943986721924166,0.9246962429071949,0.2927671845331426
P7443D0A7CF,2.4999139709294798,1.0346033087440314,1.4909377597725286,0.19729174728390508,0.35532051249825136,0.2592620745047013,0.6774867601277875,0.10276806221223396,0.364091352826224,0.41184673454978976,0.9425363571046291,0.32503218428842917
P9FD7595C4F,2.683070375439103,1.0129397279802894,1.638329162932291,0.20165182716266392,0.39213217352400664,0.26233096456345617,nan,nan,nan,0.4060811985031942,0.8409149380235906,0.3135302362417997
P09E8B746E3,1.8488044817259532,0.7887062549652125,1.0572689360672693,0.18122729227602719,0.3640421013257554,0.209392238702911,0.5533852983803356,0.09592579761245103,0.23318197707091,0.38393327749375644,0.920047221512097,0.3584469191887016
P5E989C3B12,2.483902988767415,0.9786672617561254,1.304696537241257,0.1973893098920398,0.40613821998499805,0.2833576642865098,0.6942287157853935,0.12335585968114807,0.31429498226467545,0.32804141103752354,0.9018359243874611,0.3211932978365182
P3A013C4346,2.376946266398731,1.0058393799644103,1.3290950848686098,0.20083785898813797,0.39617250703175155,0.28049891144421374,0.5929497461714703,0.11825980812985097,0.2158230831676876,0.3253758696204217,0.8812209645956359,0.29277454489918037
PCDECE2EEA4,2.436638320870457,0.9836356452823911,1.4949780241755033,0.1863936279425759,0.37820143279366025,0.3195443986986662,0.6438664362707478,0.10874098576118008,0.2562447713949322,0.34192071616604136,0.9132236714717791,0.29830109856213893
P0287658B8F,2.390411801607139,1.0383169846474123,1.1184605207920655,0.20652135651984782,0.3790885857222021,0.2990655858141216,0.6186217737880478,0.10961906223118019,0.3348030378062608,0.3993127250514012,0.936443964065563,0.3398638596581386
P1DA7E69FEC,2.4350513611659164,1.035533957912413,1.2275111660857396,0.2007713852896909,0.3524370673583864,0.27059639475581065,0.5829321906351145,0.08115978980507196,0.19044711363983738,0.3650683702854212,0.917457784487295,0.27165050485794795
P74AEEC3029,2.3170926853735403,0.9964264624299769,1.09052400082087,0.19435066020450512,0.3955079216310394,0.3036925242428451,0.49161290593988105,0.13615296380983838,0.157410118238089,0.23524442889233058,0.8137239957121406,0.265522478811509
P430269BFCC,2.211798453483126,0.9154912539286144,1.1350564801420653,0.19712488650052815,0.3848717116958339,0.2616271572608872,0.5285174764698007,0.09876711230175157,0.1567133136829596,0.3542159675042801,0.896084611147527,0.3013175878279608
P7BD0135BFB,2.4419085860895877,1.0607364922603406,1.1817269478689836,0.19631592845292087,0.3874927278105196,0.3044919256721734,0.6421804709536502,0.10811394988514311,0.325004057151861,0.352702726843549,0.9215131154258939,0.3285836722621513
PB6B8CB27A4,2.418826892374668,0.9357634698381153,1.4845238496598916,0.20650581472151877,0.3859666986162177,0.3172309671695125,0.6865937490028715,0.11174284593008725,0.365042931236469,0.3532061622754673,0.9148776421758656,0.3143513465808059
P66335C1F3D,2.2841771105417528,0.846267941715458,1.0292180332857837,0.20175226077075023,0.38472327670471246,0.28608734410090253,0.5135546446215378,0.09094952445050364,0.1301374338542691,0.3308347362052212,0.887889931233083,0.2916319158739557
P347F9B02AC,2.496669686641197,1.076934619969069,1.0851028011416148,0.19214550522443027,0.3577304874234532,0.2790429931669816,0.6619436755681187,0.10861730156036145,0.36008269488478595,0.4043505229634508,0.9373788482307299,0.33567331539829665
PDC4B2D1283,2.4923823354943737,0.9484058249800951,1.2662647989872735,0.19678286590364658,0.37478356167220034,0.2616678461156259,0.6166246721540661,0.09092864871130103,0.19834327976111646,0.37920880841337784,0.930123667554047,0.30461539458691134
PA998DEF612,2.6249275713600975,1.069236153287125,1.303151265110528,0.18776596809197807,0.3443614717233281,0.2250988506683155,0.6492235586240358,0.10072134031086251,0.33693226122621067,0.42783420029858626,0.9462081431074736,0.34171157768550775
P5AB4BF272A,2.324793026785895,0.9279607440154113,1.2294210286788299,0.18879879316239603,0.35738214172451555,0.2570026143767178,0.5363073355097224,0.08960019625536537,0.17308236174023597,0.3352393668307201,0.905374497339631,0.2541367611125623
PC1D651869B,2.1433292468193987,1.1203816206684727,1.0698515025155788,0.18744940766194548,0.351441689348075,0.2911240012714913,0.7111541093069454,0.2068474889776712,0.33253315743213196,0.5682917245205953,0.9217512774170822,0.34512508870019726
P72BA92179E,2.144818903048007,0.8547720504906339,1.0902534327132523,0.2010890587444186,0.36394987471014945,0.2753707429919769,0.5385033278447705,0.0822952724366623,0.14737170244596035,0.3591617193657471,0.9024146976416527,0.2844213983970519
P49CABD8F62,2.242119940170006,0.8967978023650023,1.3489828383751683,0.18791256292369724,0.3489848846214798,0.26593689649237506,0.5431405292506616,0.10284422054116872,0.16987100301001154,0.3421765046296188,0.9004800890130299,0.3145736112955917
P6C35FC4901,2.4676600953897596,1.0020180848031015,1.5012374543354639,0.18388084376875546,0.34992389602989465,0.2713835621298965,0.6477559485797671,0.1293598016581017,0.35516170971183486,0.39786320844285505,0.9381106449246508,0.343389651159396
P29B14FFF30,2.3920512405447334,0.9342973973402682,1.1955107776446874,0.19728328763235986,0.38189112305122197,0.24763984586136514,0.6428419892154564,0.10245402109571897,0.3396992943141831,0.4219963493230332,0.9405020822110819,0.3661917970345625
P291B928FB4,2.4411429934876403,0.9341188363773614,1.0373675275209429,0.20245577681174357,0.3711279341494786,0.293303081646871,0.6348042007012444,0.10500650734895069,0.273815801838184,0.3370371770043896,0.9021958877977871,0.30681721535457285
P2597A5CAD5,2.3874679825575686,0.9716245016979586,1.3912711236467947,0.20491235591546803,0.41153185043524343,0.2625803796872656,0.6327311878245565,0.10269797405458228,0.35776149321769657,0.41971638286048707,0.9453695216844294,0.34552122565708343
P75DB4F0BB0,2.192875680299341,0.9060990996192708,0.9779596468549182,0.20784045761624625,0.4042605199380388,0.2996466879325002,0.5602526843548152,0.13669744503359685,0.17737864562144962,0.27788460706787305,0.8488852248705768,0.30701754073257637
P816168283B,2.399259576684637,1.0293120055063578,1.0471425657767295,0.19808616605439774,0.39478551694347774,0.3269453539722842,0.5630674316608947,0.1107608485216032,0.17112322410209854,0.3511740790991309,0.9066322156684004,0.28826817447990327
P3F5A7FB1DB,2.1776754913407803,1.0860440363347403,1.289545564425371,0.20073514240109788,0.3548381559180398,0.3016819526335366,0.7100178487774256,0.12749897747093858,0.29470182470478784,0.4538774547689435,0.904691731817269,0.3370948706877978
P496429189B,2.507145412018495,1.0575827798611719,1.1905934649163719,0.18753600095342796,0.3610239444571431,0.2643734853794498,0.6256021188345025,0.09863172269872744,0.24561998034267285,0.3495756515688889,0.9224860064582736,0.3063008204929338
PC6579D3101,2.2402905932126136,0.8776284396199105,1.2251327733092774,0.19611486072588574,0.3654502983072643,0.2599494634942247,0.6212158328998233,0.11231555833823506,0.2306235554993017,0.3438171166291901,0.8981374640390312,0.30311484931516275
