Variable,MitoDMinusControlBeforeFlip,SignInverted,PythonWardCluster
stai_y1_state_total,-0.07124893435635118,1,10
stai_y1_trait_total,0.037740718681755006,0,5
bdi_total,0.2251679038529516,0,5
mbi_ineff,0.040485829959514205,0,10
mbi_cyn,0.0030790465573074244,0,5
mbi_exhaus,0.2838827838827861,0,5
pcl_total,0.19722857869310964,0,5
dsm_5_psychoticism,-0.1067887109077042,1,10
pss_total,0.02278582930756843,0,5
tics_total_score,0.33034641215977373,0,5
dhs_score,0.20128824476650564,0,5
neo_neuro,-0.06350931677018634,1,10
neo_extra,-0.19101449275362323,1,8
neo_open,-0.3207427536231886,1,7
neo_agree,-0.01695652173913042,1,8
neo_cons,-0.0032091097308488484,1,5
ssq_s,0.206122448979592,0,10
ssq_n,0.2763888888888889,0,10
ctq_ea,0.010633736386244652,0,5
ctq_pa,0.0523968784838349,0,5
ctq_sa,0.03072951900441878,0,5
ctq_en,-0.14110527154005417,1,10
ctq_pn,-0.1843180973615755,1,10
ctq_md,0.03790782497212941,0,10
leq_positive_events_score,-0.06111481234732405,1,8
leq_negative_events_score,-0.09918032786885239,1,8
leq_total_events_score,-0.06148105625717562,1,8
srh_score,-0.8285714285714286,1,8
mcc_score,0.15730091943275679,0,5
dsm_5_cross_cutting_imputed,-2.900568511429724e-05,1,10
dsm_5_neg_aff_imputed,0.15632354762789535,0,5
dsm_5_detachment_imputed,-0.09113712374581939,1,10
dsm_5_antagonism_imputed,-0.09810479375696768,1,10
dsm_5_disinhibition_imputed,-0.3102935711631363,1,10
l_cat,-0.17499999999999996,1,8
scor_abp1_psqi_global,0.3433257918552036,0,5
mfis_phy_sub,0.7436813186813189,0,5
mfis_cog_sub,0.6035714285714286,0,5
mfis_psy_sub,0.5080357142857143,0,5
compass_orth_int,0.22142857142857142,0,5
compass_vasomotor,0.49249044228167504,0,8
compass_secretomotor,0.5375,0,8
compass_gastrointest,0.7814285714285715,0,5
compass_bladded,0.24285714285714283,0,5
compass_pupillomotor,0.6153061224489796,0,5
compass_total,0.5648379192336405,0,5
pfs_phys,0.614010989010989,0,5
pfs_mental,0.21760204081632656,0,5
dcf_sit_stand_time,-0.43577599205293305,1,8
dcf_bodyfat_avg,-0.00516329790163508,1,8
fat_free_mass,-0.13085290917734918,1,8
hip_waist_circum_ratio,-0.16108963726064912,1,8
dcg_adj_wgt,-0.2531947807371541,1,8
fev1_average,-0.30111294070934147,1,8
fev1_predicted_average,-0.5311717751206018,1,8
fvc_average,-0.21270317382201462,1,8
fvc_predicted_average,-0.45404977822985965,1,8
fev1fvc_average,-0.3818062251449569,1,8
pi_geneticdiagnosistype,1.625,0,8
met_ree_d1,-0.008090664797289428,1,11
met_ree_d2,-0.2703002757325093,1,11
met_vo2_d2,-0.39859324236517213,1,11
respiratory_rate_rr_breaths_min,-0.35816772903387073,1,11
met_feo2_d2,0.05551729791769156,0,3
met_tidal_d2,0.2854517245494689,0,3
met_ve_d2,-0.031321854688320404,1,11
met_vo2_kg_d2,0.05843526392385852,0,3
nmdas_i_ii_iii_score,1.7380514705882353,0,5
cns_score_total,-1.5664086687306504,1,8
karnofsky_100,-0.9916666666666667,1,8
hr_avg_p5_300s,0.3250932870935408,0,6
hr_avg_p10_300s,0.29544148256365277,0,6
hr_avg_p5_60s_1,0.17061800449570985,0,6
hr_avg_p5_60s_2,0.28296617383817374,0,6
respr_count_p5_60s_1,-0.14607765451147264,1,8
respr_count_p5_60s_2,-0.12511769654652705,1,8
hr_avg_p10_60s_1,0.20286911399119623,0,6
hr_avg_p10_60s_2,0.28270266539106637,0,6
respr_count_p10_60s_1,0.13166408166896268,0,8
respr_count_p10_60s_2,0.0019714893916555135,0,8
ln_nd1_copies_ul_saliva_m5,-0.27679837892603865,1,1
ln_b2m_copies_ul_saliva_m5,-0.2879261363636364,1,1
ln_nd1_copies_ul_saliva_5,-0.31623474564651033,1,1
ln_b2m_copies_ul_saliva_5,-0.36642864054184804,1,1
ln_nd1_copies_ul_saliva_10,-0.22645698010104137,1,1
ln_b2m_copies_ul_saliva_10,-0.24911924842532285,1,1
ln_nd1_copies_ul_saliva_20,-0.375428888372933,1,1
ln_b2m_copies_ul_saliva_20,-0.30432516413571886,1,1
ln_nd1_copies_ul_saliva_30,-0.2916542699724518,1,1
ln_b2m_copies_ul_saliva_30,-0.2620743704015628,1,1
ln_nd1_copies_ul_saliva_60,-0.2529290964115866,1,1
ln_b2m_copies_ul_saliva_60,-0.26493327663365934,1,1
ln_nd1_copies_ul_saliva_90,-0.26098064796694936,1,1
ln_b2m_copies_ul_saliva_90,-0.24911771596121726,1,1
ln_nd1_copies_ul_saliva_120,-0.38951669349758533,1,1
ln_b2m_copies_ul_saliva_120,-0.24574305415308278,1,1
ln_nd1_copies_ul_serum_m5,-0.13188610980022006,1,4
ln_b2m_copies_ul_serum_m5,-0.1875788294392946,1,2
ln_nd1_copies_ul_serum_5,-0.14495533951835773,1,4
ln_b2m_copies_ul_serum_5,-0.11911786130536137,1,2
ln_nd1_copies_ul_serum_10,-0.013905930470347739,1,4
ln_b2m_copies_ul_serum_10,-0.20547829751369573,1,2
ln_nd1_copies_ul_serum_20,-0.01700550285081548,1,4
ln_b2m_copies_ul_serum_20,-0.13439367163174282,1,2
ln_nd1_copies_ul_serum_30,-0.066717352738858,1,4
ln_b2m_copies_ul_serum_30,-0.26874891468285317,1,2
ln_nd1_copies_ul_serum_60,-0.05311974521536075,1,4
ln_b2m_copies_ul_serum_60,-0.20267257861123544,1,2
ln_nd1_copies_ul_serum_90,0.005979240474858628,0,11
ln_b2m_copies_ul_serum_90,-0.23370862323423985,1,2
ln_b2m_copies_ul_serum_120,-0.15153043077199688,1,2
ln_nd1_copies_ul_serum_120,-0.050282626955120216,1,4
ln_nd1_copies_ul_plasma_m5,-0.06985294117647042,1,3
ln_b2m_copies_ul_plasma_m5,0.02010500071391698,0,4
ln_nd1_copies_ul_plasma_5,-0.04893201639134069,1,3
ln_b2m_copies_ul_plasma_5,-0.07505341880341881,1,11
ln_nd1_copies_ul_plasma_10,-0.17365322580645165,1,3
ln_b2m_copies_ul_plasma_10,-0.07257395892217831,1,11
ln_nd1_copies_ul_plasma_20,-0.1011854232355083,1,3
ln_b2m_copies_ul_plasma_20,-0.14649504781420758,1,11
ln_nd1_copies_ul_plasma_30,-0.18699428561585726,1,3
ln_b2m_copies_ul_plasma_30,0.14644397139894114,0,4
ln_nd1_copies_ul_plasma_60,-0.147191041481601,1,3
ln_b2m_copies_ul_plasma_60,0.00740644901597165,0,4
ln_nd1_copies_ul_plasma_90,-0.15253058954393794,1,3
ln_b2m_copies_ul_plasma_90,-0.278732861148982,1,11
ln_nd1_copies_ul_plasma_120,-0.0040450588837686145,1,3
ln_b2m_copies_ul_plasma_120,-0.16324793365735782,1,11
hgba1c_edta1,1.192929954175627,0,8
glucose_serum,1.0844043387111475,0,8
cholesterol_serum,0.2894524959742351,0,8
insulin_serum,0.6185661764705882,0,8
sodium_serum,0.02616747181964573,0,8
potassium_serum,0.15791062801932407,0,8
chloride_serum,-0.4464573268921095,1,8
co2_serum,-0.061594202898550665,1,8
bun_serum,0.5934782608695653,0,8
creatinine_serum,-0.2507192096835478,1,8
albumin_serum,0.18285024154589372,0,8
calcium_serum,-0.02439613526570064,1,8
triglycerides_serum,0.6460777547734071,0,8
hdl_serum,-0.13130326222656463,1,8
cpeptide_serum,0.201743530511784,0,8
wbc_edta1,0.2717436041205627,0,8
neutroabsolute_edta1,0.1795299135452588,0,8
lymphabsolute_edta1,0.3648648648648647,0,8
monoabsolute_edta1,0.08678243460852153,0,8
eosabsolute_edta1,0.041764590677634134,0,8
basoabsolute_edta1,0.03251077164120636,0,8
fibrinogen_blue,0.13228235721090587,0,8
crp_serum,0.29781364797137666,0,8
scr_max_sc_5_min,0.2572736899769015,0,5
scr_max_sc_10_min,0.10956902097002441,0,5
fgf21_fasting_pgml,1.3284134755269013,0,9
fgf21_s1_pgml,2.008542160569656,0,9
fgf21_s2_pgml,1.9401147078892238,0,9
fgf21_s3_pgml,1.7796844345375167,0,9
fgf21_s4_pgml,1.60931178608894,0,9
fgf21_s5_pgml,1.561004546993914,0,9
fgf21_s6_pgml,1.8922911873657033,0,9
fgf21_s7_pgml,2.449222418852584,0,9
fgf21_s8_pgml,2.749308645052697,0,9
gdf15_t_fasting1,2.43024837755923,0,9
gdf15_t_minus5,2.1987814691390715,0,9
gdf15_t_5,2.1070075362246197,0,9
gdf15_t_10,1.954856056968241,0,9
gdf15_t_20,1.9916462882537194,0,9
gdf15_t_30,2.1517359780947363,0,9
gdf15_t_60,1.9088474285148633,0,9
gdf15_t_90,1.8643424340489219,0,9
gdf15_t_120,2.1973224349519285,0,9
lactate_nmolul__t_m5,1.3959284474713036,0,11
lactate_nmolul__t_5,1.0722464688736213,0,11
lactate_nmolul__t_10,1.1988348520881869,0,11
lactate_nmolul__t_20,1.3080701780726633,0,4
lactate_nmolul__t_30,0.8213559501769995,0,4
lactate_nmolul__t_60,0.871624061529048,0,4
lactate_nmolul__t_90,0.850055860591918,0,4
lactate_nmolul__t_120,1.136075617562621,0,4
ipaq_total_met,0.05657386557532068,0,8
ipaq_intensity,-0.23571428571428574,1,8
vf_c1_lf_cor_scaled,-0.2046073977936405,1,7
vf_c1_cf_cor_scaled,-0.14768263943440693,1,7
vf_c1_cs_cor_scaled,-0.2684015818344176,1,7
vf_c1_cs_tsa_scaled,-0.1751817833907386,1,7
nab_shl_irg_perc,-0.068515595101416,1,8
nab_shl_drg_perc,-0.22881419655613203,1,8
rbans_cd_scaled,-0.29631701631701646,1,7
rbans_ll_scaled,-0.09119402985074618,1,7
nab_snl_spd_perc,-0.24326599326599316,1,7
tm_ns_scaled,-0.4981060606060606,1,7
tm_ls_scaled,-0.43759328358208954,1,7
tm_nls_scaled,-0.36072761194029845,1,7
nab_sdgf_perc,-0.24488504224439933,1,7
nab_sdgb_perc,-0.12040484767757494,1,7
cwi_cn_scaled,-0.22117537313432833,1,7
cwi_wr_scaled,-0.43460820895522384,1,7
cwi_inhib_scaled,-0.39486940298507467,1,7
cwi_inh_cn_scaled,-0.2503731343283583,1,8
st_free_corsort_scaled,0.21093064091308167,0,10
topf_standrd_score,-0.06321756601607348,1,7
wasi_full_sum_c,-0.07950985811682329,1,7
