Variable,N,RhoAge,PAge,ReportedFDRValue,QBH304Tests
respiratory_rate_rr_breaths_min,8,-0.7244171661843634,0.06557838519663615,1.0,0.3067050630734983
tm_nls_scaled,25,0.6648318778409421,0.00039397164219051665,0.0955,0.09480364384753891
wbc_edta1,22,-0.6621055619047667,0.0010765762841722503,0.0955,0.09480364384753891
neutroabsolute_edta1,22,-0.652632706658538,0.001341841749641448,0.0955,0.09480364384753891
met_vo2_kg_d2,9,-0.632553155794701,0.0923604290547455,1.0,0.3545561786995061
cns_score_musclebulk,25,0.6184371624771795,0.0012767482992686494,0.0955,0.09480364384753891
hdl_serum,21,0.6140509358202382,0.003974427540333916,0.0955,0.09480364384753891
gdf15_t_120,20,-0.6050122669649362,0.00606041743233085,1.0,0.12282445996190523
cns_proximalstr_l,25,0.5997551624173826,0.0019498615753846058,0.0955,0.09480364384753891
tm_ls_scaled,25,0.5827907792712265,0.002802811976921332,0.0955,0.09480364384753891
wasi_full_sum_c,25,0.5815117698006097,0.0028782812093682934,0.0955,0.09480364384753891
nmdas_cca_4,25,-0.5733459448312714,0.0034018862853741495,0.0955,0.09480364384753891
cns_height,10,0.5729913451105519,0.10680457245844914,1.0,0.3591000114877379
cns_crnl_nrv_x,25,0.5706520943055967,0.003591378790540948,0.0955,0.09480364384753891
cns_hp_tst,25,0.5706520943055967,0.003591378790540948,0.0955,0.09480364384753891
cns_distalstrength_l,25,0.5706520943055967,0.003591378790540948,0.0955,0.09480364384753891
gdf15_t_60,19,-0.5700845497219872,0.013505594846693237,1.0,0.18662276515430654
gdf15_t_10,21,-0.569170360780444,0.008813060753035274,1.0,0.15759826287780726
cns_score_stancegait,25,0.5637743695843666,0.0041160335131919185,0.0955,0.09480364384753891
nmdas_cca_7,25,-0.5607551626487075,0.00436595728245245,0.0955,0.09480364384753891
fgf21_s7_pgml,18,-0.5498787762753659,0.022208618114749737,1.0,0.18846066518624988
cns_proximalstr_r,25,0.5277654421381398,0.008035699578124183,1.0,0.15267829198435948
gdf15_t_minus5,22,-0.5192046238930199,0.015866943357663598,1.0,0.18846066518624988
cns_distalstrength_r,25,0.5141842791817715,0.010156406848853142,1.0,0.17153042678063085
triglycerides_serum,21,-0.5130365048792886,0.020705816717096023,1.0,0.18846066518624988
gdf15_t_5,22,-0.5097579927757943,0.018244003533263387,1.0,0.18846066518624988
dsm_5_antagonism_imputed,25,0.5085459681180119,0.011163313592285796,1.0,0.17861301747657274
ln_b2m_copies_ul_serum_30,21,-0.5049500456466283,0.023158285091230482,1.0,0.18846066518624988
gdf15_t_30,21,-0.5042194919072551,0.02339071318191183,1.0,0.18846066518624988
cwi_inh_cn_scaled,25,-0.5016423855321412,0.012506927323235434,1.0,0.18413247968398463
gdf15_t_20,20,-0.501258620260856,0.02878932896222725,1.0,0.20353386057016473
ctq_pa,25,0.5006059096452354,0.012719677872906834,1.0,0.18413247968398463
fev1_average,24,0.49461859752175796,0.01642605928302321,1.0,0.18846066518624988
cholesterol_serum,21,0.4852221244219298,0.030112146382055796,1.0,0.2062323315430689
lactate_nmolul__t_20,18,-0.4735583366444658,0.05484103676571148,1.0,0.2829863543079801
cns_crnl_nrv_vii,25,0.47032427568874485,0.020378125892414306,1.0,0.18846066518624988
cns_crnl_nrv_ix,25,0.47032427568874485,0.020378125892414306,1.0,0.18846066518624988
met_ve_d2,9,-0.46692614217554906,0.24343969044198832,1.0,0.5081301049682666
nmdas_i_ii_iii_score,25,-0.459626851691269,0.02384347171335392,1.0,0.18846066518624988
nmdas_i_ii_iii_score_1,25,-0.459626851691269,0.02384347171335392,1.0,0.18846066518624988
nmdas_i_ii_iii_score_2,25,-0.459626851691269,0.02384347171335392,1.0,0.18846066518624988
dcg_adj_wgt,25,0.4590968060272975,0.024026799624345042,1.0,0.18846066518624988
cns_tndm_wlk_tst,25,0.45859860082519766,0.02420014858499208,1.0,0.18846066518624988
nmdas_cca_5,25,-0.4570190076517482,0.024756434149170337,1.0,0.18846066518624988
compass_secretomotor,25,-0.45699699544329875,0.024764258264023564,1.0,0.18846066518624988
cns_score_total,25,0.45690365995742943,0.024797455945559193,1.0,0.18846066518624988
cns_score_total_1,25,0.45690365995742943,0.024797455945559193,1.0,0.18846066518624988
nmdas_cf_10,25,-0.453583673678965,0.026001806525857648,1.0,0.1927938825331884
gdf15_t_90,20,-0.45249611610000573,0.05174176121045677,1.0,0.2829863543079801
nmdas_cca_1,25,-0.44889302321085794,0.02778300380918763,1.0,0.20109602757126283
nmdas_cf_3,25,-0.4421158682731951,0.030527812234993748,1.0,0.2062323315430689
met_ree_d1,9,0.4348458452036872,0.2816152573800038,1.0,0.5188547772334616
vf_c1_cs_cor_scaled,24,0.4332347972555376,0.03891613949727193,1.0,0.25171290228022697
vf_c1_lf_cor_scaled,25,0.4309320060993638,0.03552670846483145,1.0,0.23478520376758175
nab_shl_drg_perc,24,0.42897130377681947,0.04110068989710969,1.0,0.2603043693483614
respr_count_p5_60s_2,20,-0.4284170645330323,0.06724209103099432,1.0,0.30972114656700417
lactate_nmolul__t_90,18,-0.4241394655330595,0.08974128176025703,1.0,0.3545561786995061
ln_b2m_copies_ul_serum_5,21,-0.4231458200519128,0.06303387418063225,1.0,0.29941090235800316
monoabsolute_edta1,22,-0.42188631877479504,0.05678344609469337,1.0,0.2829863543079801
cns_distalbulk_r,25,0.4144927295395365,0.044029103863640624,1.0,0.267627369956535
cns_distalbulk_l,25,0.4144927295395365,0.044029103863640624,1.0,0.267627369956535
nmdas_cf_4,25,-0.4129577892418831,0.04489801272297134,1.0,0.267627369956535
cns_speech_coord,25,0.4103700232900292,0.04639327976269709,1.0,0.271222250920383
tm_ns_scaled,25,0.40816252957970606,0.047699364033836164,1.0,0.27359635219407913
glucose_serum,21,-0.40775382310942837,0.07432485998338272,1.0,0.3322577448339087
met_tidal_d2,9,0.40360367639778766,0.3214087293877282,1.0,0.5628992810552981
fat_free_mass,25,0.3997646919595521,0.05293233376291342,1.0,0.2829863543079801
hgt_perc,25,-0.3962687198018665,0.05523784080235722,1.0,0.2829863543079801
cns_score_weight,25,0.39626871980186656,0.05523784080235722,1.0,0.2829863543079801
cns_score_height,25,0.39626871980186656,0.05523784080235722,1.0,0.2829863543079801
ctq_ea,25,0.3953147700016022,0.055880258016553545,1.0,0.2829863543079801
cns_score_cranialnerves,25,0.3921105798428072,0.058080465942074104,1.0,0.28478163945791174
gdf15_t_fasting1,19,-0.39034219152413513,0.10927102756901275,1.0,0.3591000114877379
cwi_wr_scaled,25,0.38603055066912856,0.06243871488649739,1.0,0.29941090235800316
fgf21_s8_pgml,20,-0.38512015963568613,0.1034704501199316,1.0,0.3591000114877379
fvc_average,24,0.38326404382237383,0.0710403070374995,1.0,0.32233213939402755
ln_b2m_copies_ul_serum_10,22,-0.3778994299834062,0.09121759191720326,1.0,0.3545561786995061
lactate_nmolul__t_30,18,-0.3728215024397029,0.14052242293739825,1.0,0.3930761597855015
cns_hc,23,0.3702552663123369,0.08985329730392799,1.0,0.3545561786995061
cns_crnl_nrv_xi,25,0.369673576529354,0.07541376445243322,1.0,0.3322577448339087
fgf21_s4_pgml,21,-0.36852511741413796,0.10985625351434088,1.0,0.3591000114877379
topf_standrd_score,24,0.3675900315446885,0.08441964176051496,1.0,0.3545561786995061
lymphabsolute_edta1,22,-0.3672395346213447,0.10149220259293894,1.0,0.3591000114877379
ln_nd1_copies_ul_serum_m5,22,-0.36531462251710733,0.10343417216335887,1.0,0.3591000114877379
fgf21_s5_pgml,21,-0.3649546051582869,0.11360967365627521,1.0,0.3674185190585922
vf_c1_cs_tsa_scaled,24,0.36016632855282366,0.09137849532473434,1.0,0.3545561786995061
cwi_cn_scaled,25,0.3587569141416096,0.08514851987873129,1.0,0.3545561786995061
rbans_cd_scaled,24,0.35814105275815017,0.0933490180566046,1.0,0.3545561786995061
ln_b2m_copies_ul_saliva_5,18,-0.3556808814038581,0.16117636960094398,1.0,0.4187830458007433
cns_retinal_vssls,25,-0.35452405945048654,0.08916687541647356,1.0,0.3545561786995061
cpeptide_serum,19,-0.352957374618327,0.1508053876134715,1.0,0.41301655706752555
fev1_predicted_average,24,0.3526287175140943,0.09887213450775381,1.0,0.3591000114877379
neo_extra,25,0.35187061551592375,0.09175724505941887,1.0,0.3545561786995061
nmdas_cca_6,25,-0.3494801496141715,0.09413864647306376,1.0,0.3545561786995061
ctq_en,25,0.34915056436936204,0.09447056077190788,1.0,0.3545561786995061
basoabsolute_edta1,22,0.34668144269324097,0.12365407629195292,1.0,0.3835799917627928
nmdas_ssi_1,25,-0.34587555700007655,0.09781624366737954,1.0,0.3591000114877379
fev1fvc_average,24,0.34510740068027723,0.10679296759084547,1.0,0.3591000114877379
dsm_5_disinhibition_imputed,25,0.3422818853257578,0.10158786514018492,1.0,0.3591000114877379
ln_b2m_copies_ul_serum_m5,22,-0.34071133776162243,0.13069371095949003,1.0,0.3930761597855015
ln_b2m_copies_ul_serum_20,21,-0.33891478692485,0.14380923025671358,1.0,0.39743641816400843
leq_positive_events_score,20,0.33836144460586437,0.15649565919173453,1.0,0.4187830458007433
dsm_5_neg_aff_imputed,25,0.33635422515241703,0.1080426554443498,1.0,0.3591000114877379
l_cat,25,0.3352414287890979,0.10928729766273054,1.0,0.3591000114877379
ln_nd1_copies_ul_serum_60,20,-0.33510498841179903,0.16077647271850418,1.0,0.4187830458007433
fgf21_s6_pgml,20,-0.331876643512665,0.16509896951850192,1.0,0.42176543473634104
cns_weight,10,0.32978084373076477,0.38612224906286596,1.0,0.5869058185755562
tics_total_score,25,0.3284929116289665,0.11706204508374027,1.0,0.37459854426796885
nmdas_cf_1,25,-0.3271008601340475,0.11871475186476875,1.0,0.37593004757176773
nmdas_complete,25,-0.3240268253013754,0.12242451346221171,1.0,0.3835799917627928
nmdas_cca_3,25,-0.3187484439363196,0.1289897569894123,1.0,0.3930761597855015
ln_nd1_copies_ul_serum_5,22,-0.3183962424315062,0.15953002178548836,1.0,0.4187830458007433
cns_heel_wlk_tst,25,0.3183157122783923,0.12953904213534756,1.0,0.3930761597855015
ln_nd1_copies_ul_serum_10,22,-0.31799739403960947,0.16008254035139413,1.0,0.4187830458007433
adj_wgt_perc,25,-0.31287103669728034,0.13659507470781584,1.0,0.3930761597855015
cns_reg_wlk_tst,25,0.3128710366972804,0.13659507470781584,1.0,0.3930761597855015
cns_superficial,25,0.310002983343888,0.14042084905831237,1.0,0.3930761597855015
cns_deep,25,0.310002983343888,0.14042084905831237,1.0,0.3930761597855015
cns_score_sensation,25,0.310002983343888,0.14042084905831237,1.0,0.3930761597855015
cns_kj_reflex_l,25,0.3097972862528104,0.14069814747645612,1.0,0.3930761597855015
neo_open,25,0.30961923585095147,0.14093849150203835,1.0,0.3930761597855015
insulin_serum,20,-0.30640753995301373,0.20199660465879726,1.0,0.4723612908944182
hr_avg_p5_60s_2,23,-0.30059784238789367,0.1740472533455778,1.0,0.4372757439426087
cns_score_cerebellarfunction,25,0.297590207003021,0.15786290612719717,1.0,0.4187830458007433
lactate_nmolul__t_5,18,-0.297286110725216,0.24653187723820874,1.0,0.5098346304790167
fvc_predicted_average,24,0.2965503833583415,0.1694304102169767,1.0,0.4292237058830076
cns_kj_reflex_r,25,0.2935345918894813,0.16387863180204607,1.0,0.42176543473634104
ln_b2m_copies_ul_saliva_120,14,-0.2935050892160325,0.3304121774556254,1.0,0.5662094338930318
met_feo2_d2,9,-0.28821840270422155,0.4887724885136437,1.0,0.660385940036212
co2_serum,21,0.28457497370838647,0.22396492458408448,1.0,0.4813812626708261
bun_serum,21,-0.2842428408081207,0.22452960837531455,1.0,0.4813812626708261
pcl_total,25,0.28346691500561727,0.17950160856841973,1.0,0.44728269676065247
nab_snl_spd_perc,24,0.28320450779483014,0.19037841335933342,1.0,0.4563697743713489
hip_waist_circum_ratio,25,-0.28105973532925244,0.1833844647521868,1.0,0.4518474377146159
vf_c1_cf_cor_scaled,25,0.2804934799081041,0.1843061916993828,1.0,0.4518474377146159
hr_avg_p5_60s_1,24,-0.2804298889774782,0.19494578717515787,1.0,0.46299624454099997
nmdas_ssi_6,25,-0.27901251378972663,0.18673190607403425,1.0,0.4541319955720513
ln_b2m_copies_ul_serum_90,19,-0.27835718191576303,0.2633651016415894,1.0,0.5137713647094186
cns_skin,25,-0.2766453740834054,0.19065447810908326,1.0,0.4563697743713489
ssq_s,23,-0.2739179876501154,0.2173688708033191,1.0,0.4813812626708261
fgf21_fasting_pgml,20,-0.27268543661566247,0.25869292907303887,1.0,0.5137713647094186
nmdas_cca_2,25,-0.2707480266502498,0.20067110002389912,1.0,0.4723612908944182
lactate_nmolul__t_60,18,-0.2706643955102329,0.29337360217079567,1.0,0.530085071115518
ln_b2m_copies_ul_plasma_5,20,0.26909851907582605,0.2652582638034681,1.0,0.5137713647094186
ln_nd1_copies_ul_serum_120,20,-0.26903992675465865,0.26536636585006756,1.0,0.5137713647094186
lactate_nmolul__t_10,18,-0.268087638461633,0.2981728525024788,1.0,0.530085071115518
cwi_inhib_scaled,25,0.2667104433574006,0.20773124411375565,1.0,0.4813812626708261
st_free_corsort_scaled,21,0.265809472570767,0.25733152152699007,1.0,0.5137713647094186
cns_gait_statn,25,0.26557229742598654,0.2097512941151552,1.0,0.4813812626708261
hr_avg_p10_60s_1,24,-0.2635670541586188,0.22430397414102465,1.0,0.4813812626708261
ln_b2m_copies_ul_serum_120,20,-0.2617531507890503,0.27902520483207754,1.0,0.5183130536805476
pfs_phys,25,-0.261388818424553,0.21728980644378754,1.0,0.4813812626708261
ipaq_intensity,25,0.2595510827508339,0.22065790356009543,1.0,0.4813812626708261
cns_other,25,0.2593531905359136,0.22102265301716478,1.0,0.4813812626708261
cns_score_otherfindings,25,0.2593531905359136,0.22102265301716478,1.0,0.4813812626708261
nmdas_cf_7,25,-0.2578922097912017,0.22372792609556727,1.0,0.4813812626708261
dcf_sit_stand_time,25,0.2572866151685974,0.22485572137913587,1.0,0.4813812626708261
nmdas_cf_9,25,-0.25561856354892504,0.22798162381735815,1.0,0.48466023524809004
ln_nd1_copies_ul_serum_20,21,-0.25520648345208147,0.27750632250155277,1.0,0.5183130536805476
eosabsolute_edta1,22,0.25202801870206415,0.2704059814260098,1.0,0.5137713647094186
ln_nd1_copies_ul_serum_30,21,-0.25014441457491965,0.2874754638792704,1.0,0.5264610904777001
nmdas_cf_2,25,-0.24918756702556571,0.24030177789332405,1.0,0.5073037533303508
ln_b2m_copies_ul_plasma_m5,21,0.24839874520628094,0.2909638712815443,1.0,0.5296587836502363
ctq_md,25,-0.2472811603553293,0.2440361688334438,1.0,0.5081301049682666
karnofsky_100,8,0.2424040891985591,0.6004650595017774,1.0,0.7527688713172781
hr_avg_p10_300s,24,-0.2423563764612008,0.26519510013524034,1.0,0.5137713647094186
ln_nd1_copies_ul_plasma_5,22,0.2393819130211988,0.2959735702339321,1.0,0.530085071115518
ln_b2m_copies_ul_saliva_10,18,-0.2368512426624594,0.36003524367875417,1.0,0.5793754341083623
dsm_5_detachment_imputed,25,0.23578681513020977,0.2673522408267296,1.0,0.5137713647094186
cns_wj_reflex_l,25,0.23551081780845537,0.2679290110102113,1.0,0.5137713647094186
cns_wj_reflex_r,25,0.23551081780845537,0.2679290110102113,1.0,0.5137713647094186
cns_proximalbulk_r,25,0.23503015120200688,0.26893538883666324,1.0,0.5137713647094186
cns_proximalbulk_l,25,0.23503015120200688,0.26893538883666324,1.0,0.5137713647094186
nmdas_cf_8,25,-0.2350301512020069,0.2689353888366629,1.0,0.5137713647094186
ln_nd1_copies_ul_plasma_60,19,0.23264527615398675,0.35288590174500123,1.0,0.5793754341083623
crp_serum,21,-0.23247541702025123,0.3239763667847353,1.0,0.5628992810552981
cns_alt_supin_pron,25,0.2312954559474886,0.2768368818415966,1.0,0.5183130536805476
nmdas_ssi_2,25,-0.22999786936029054,0.2796162526434533,1.0,0.5183130536805476
ln_b2m_copies_ul_plasma_10,20,0.22938057115419516,0.34483902576766595,1.0,0.5793754341083623
ln_b2m_copies_ul_plasma_120,19,0.22358806101792797,0.37246284219534664,1.0,0.5793754341083623
hr_avg_p10_60s_2,24,-0.22325012520885795,0.3058542701594058,1.0,0.5405796402817404
fgf21_s3_pgml,22,-0.22286281786529827,0.3315305237926305,1.0,0.5662094338930318
ln_b2m_copies_ul_plasma_20,20,0.22244895841976148,0.36000881720079825,1.0,0.5793754341083623
cns_score_myotaticreflexes,25,0.22216289016136134,0.2967717401651761,1.0,0.530085071115518
lactate_nmolul__t_120,18,-0.21857612426535342,0.39932418296596556,1.0,0.5965816803180223
cns_crnl_nrv_iv,25,0.20948354947992923,0.3258890574530673,1.0,0.5628992810552981
cns_crnl_nrv_vi,25,0.20948354947992923,0.3258890574530673,1.0,0.5628992810552981
chloride_serum,21,0.2078303691624473,0.379262208511724,1.0,0.5793754341083623
ln_b2m_copies_ul_saliva_90,18,-0.2034867124314974,0.43342745541555067,1.0,0.6202227269523202
cns_skeletal,25,0.20147725027229613,0.3451329283832502,1.0,0.5793754341083623
ln_b2m_copies_ul_serum_60,20,-0.19964930387075652,0.4125185129176672,1.0,0.6058242895022746
albumin_serum,21,0.19815894584688193,0.4023204471473434,1.0,0.5966117850380116
lactate_nmolul__t_m5,18,-0.1977377116328404,0.44680518816630954,1.0,0.6202227269523202
mfis_phy_sub,25,-0.19671643048253537,0.35688840212272077,1.0,0.5793754341083623
ctq_sa,25,0.19524585270938877,0.36056639913006944,1.0,0.5793754341083623
pi_geneticdiagnosistype,25,-0.19291374634608804,0.36644426418555437,1.0,0.5793754341083623
fgf21_s2_pgml,22,-0.1911850852878676,0.4064420944036173,1.0,0.5997980422266973
cns_nasopharynx,25,0.188583358004476,0.37750484652708405,1.0,0.5793754341083623
cns_crnl_nrv_v,25,0.188583358004476,0.37750484652708405,1.0,0.5793754341083623
cns_crnl_nrv_viii,25,0.188583358004476,0.37750484652708405,1.0,0.5793754341083623
cns_toe_wlk_tst,25,0.188583358004476,0.37750484652708405,1.0,0.5793754341083623
cns_romberg_tst,25,0.188583358004476,0.37750484652708405,1.0,0.5793754341083623
cns_fng_ns_fng,25,0.188583358004476,0.37750484652708405,1.0,0.5793754341083623
cns_left_toe,25,0.188583358004476,0.37750484652708405,1.0,0.5793754341083623
cns_score_toesign,25,0.188583358004476,0.37750484652708405,1.0,0.5793754341083623
nmdas_ssi_3,25,-0.18858335800447612,0.37750484652708366,1.0,0.5793754341083623
nmdas_cca_8,25,-0.18858335800447612,0.37750484652708366,1.0,0.5793754341083623
general_medical_and_neurological_examination_complete,25,-0.1880824607185803,0.3787964440435752,1.0,0.5793754341083623
ipaq_total_met,24,0.18484181531772967,0.3984760686301238,1.0,0.5965816803180223
mbi_exhaus,24,0.1841258737972787,0.4003377065291992,1.0,0.5965816803180223
creatinine_serum,21,0.18380571331193826,0.4379142806723159,1.0,0.6202227269523202
ln_b2m_copies_ul_plasma_60,19,0.18297445009866764,0.4673888240333816,1.0,0.6400279392168828
leq_total_events_score,25,0.18046558192929524,0.3987468600340835,1.0,0.5965816803180223
fgf21_s1_pgml,22,-0.17601255575321526,0.44535085478352654,1.0,0.6202227269523202
ln_nd1_copies_ul_saliva_m5,19,-0.17510157468371057,0.48708120336558886,1.0,0.660385940036212
cns_aj_reflex_l,25,0.17384874222905533,0.4165450220115066,1.0,0.6080540159829754
cns_ocular_fundi,25,-0.17330117041031629,0.41803713598829556,1.0,0.6080540159829754
compass_orth_int,25,0.16936690674820848,0.42884354506319605,1.0,0.6185400542312012
ctq_pn,25,0.169196270022633,0.4293156297459982,1.0,0.6185400542312012
hr_avg_p5_300s,24,-0.16859154084374645,0.4419072333717665,1.0,0.6202227269523202
potassium_serum,21,0.1684180161561221,0.47783672850565606,1.0,0.651400741998742
cns_macula_regn,25,0.16670947186513735,0.4362274083644792,1.0,0.6202227269523202
cns_tj_reflex_l,25,0.16390589463488459,0.44409060740439493,1.0,0.6202227269523202
cns_tj_reflex_r,25,0.16390589463488459,0.44409060740439493,1.0,0.6202227269523202
dhs_score,25,0.16099546040521234,0.45233243215345026,1.0,0.6250411789756767
dcf_bodyfat_avg,25,0.1565325089557525,0.4651252024839717,1.0,0.6398102332811195
respr_count_p5_60s_1,19,-0.15383521029395414,0.5422212971901773,1.0,0.7208417986433016
sodium_serum,21,0.15254010042739383,0.5208541693673115,1.0,0.6975315748355186
ln_b2m_copies_ul_saliva_30,16,-0.14793073368582624,0.5987917717865389,1.0,0.7527688713172781
ln_nd1_copies_ul_saliva_10,20,-0.145125636955204,0.55331858994661,1.0,0.72489367396609
scor_abp1_psqi_global,25,0.14274506557663938,0.5057984473338402,1.0,0.6803660530508293
mbi_ineff,24,0.13294209194508452,0.5453737292367083,1.0,0.7208417986433016
dsm_5_cross_cutting_imputed,25,0.13003730642838213,0.544765441141316,1.0,0.7208417986433016
respr_count_p10_60s_2,21,-0.12939193120414014,0.5866525599537419,1.0,0.7527688713172781
mfis_cog_sub,25,0.12728807112953758,0.553374044564755,1.0,0.72489367396609
nmdas_cf_5,25,-0.12658265216428927,0.5555928487963782,1.0,0.72489367396609
ln_b2m_copies_ul_saliva_m5,14,-0.12454496063002747,0.685190086182788,1.0,0.8155979678221441
ln_nd1_copies_ul_plasma_30,21,0.12425351173628185,0.6017198543753243,1.0,0.7527688713172781
compass_pupillomotor,25,-0.12419798067662179,0.5631232749799983,1.0,0.7315789555295704
ln_b2m_copies_ul_saliva_60,19,-0.12298721701691905,0.6268371596479715,1.0,0.7683810344071909
leq_negative_events_score,23,0.1216830992024879,0.5895830887388699,1.0,0.7527688713172781
mfis_psy_sub,25,0.12130974229218011,0.572304676344598,1.0,0.7403430706755652
dsm_5_psychoticism,24,-0.1177797541419933,0.5924970479830928,1.0,0.7527688713172781
cns_eye_mvt,25,0.11552521789135808,0.5908889511003796,1.0,0.7527688713172781
rbans_ll_scaled,25,0.11350481711893527,0.5974402221497824,1.0,0.7527688713172781
respr_count_p10_60s_1,20,-0.11212898395095278,0.6476541427896764,1.0,0.7875474376322464
ln_b2m_copies_ul_plasma_90,18,-0.11053508760065585,0.6727827761147748,1.0,0.8084030195213103
cns_aj_reflex_r,25,0.10753332025996545,0.6169799093529852,1.0,0.7674146771665054
ln_nd1_copies_ul_saliva_20,20,0.10634017939016997,0.6648041083276818,1.0,0.8051810714406983
neo_neuro,25,-0.10619239896581885,0.6214031477295582,1.0,0.7674146771665054
ssq_n,25,0.10569831076706081,0.6230361984380451,1.0,0.7674146771665054
nmdas_cf_6,25,-0.10555069655280405,0.6235244251977856,1.0,0.7674146771665054
ln_nd1_copies_ul_plasma_20,20,0.10459527268277118,0.6700054887776181,1.0,0.8082605896364916
met_ree_d2,9,-0.10051636888667273,0.8127974245074219,1.0,0.9125017241361679
stai_y1_state_total,25,-0.10025704188846606,0.6411333039066074,1.0,0.7827490939261392
ln_nd1_copies_ul_serum_90,19,-0.09334344074681446,0.7125767228357004,1.0,0.8363834893515557
srh_score,25,0.08740635595314285,0.6846531445787254,1.0,0.8155979678221441
cns_peripheral_rtn,25,-0.08677460514349328,0.6868193413239109,1.0,0.8155979678221441
pfs_mental,25,-0.08471208051749059,0.6939080772217447,1.0,0.8208095543790288
ln_nd1_copies_ul_saliva_30,22,-0.08267539811919265,0.7216324361155769,1.0,0.8405220711844268
cns_ears,25,0.07933478342652818,0.7125056097959215,1.0,0.8363834893515557
nmdas_ssi_5,25,-0.07779630001433312,0.7178564242283906,1.0,0.8393398190978105
met_vo2_d2,9,-0.07397267214553088,0.8618063781647384,1.0,0.9298953411105962
ln_b2m_copies_ul_plasma_30,19,0.07106227363062721,0.7793231308590994,1.0,0.8906550066961136
cns_crnl_nrv_iii,25,0.07078116612152996,0.7424150172753031,1.0,0.86142811164768
cns_bj_reflex_l,25,0.06518011692249409,0.7622011083003346,1.0,0.881023334309132
compass_vasomotor,25,-0.06415066786128214,0.7658538910882482,1.0,0.8818923594349525
cns_truncal_coord,25,0.06297918189889752,0.7700165549782275,1.0,0.8833397460882308
compass_gastrointest,25,-0.05706684814399111,0.7911169289855914,1.0,0.9007473648375273
mbi_cyn,24,-0.05587860761140378,0.8000847734279302,1.0,0.907558847470488
nab_sdgb_perc,24,0.054440079339157794,0.8051340262444123,1.0,0.9098912415550237
fibrinogen_blue,21,-0.0520670405427496,0.8274252197193287,1.0,0.9218724530006016
mcc_score,25,-0.05085309175606881,0.8134472606608603,1.0,0.9125017241361679
ln_nd1_copies_ul_saliva_60,20,0.04934235484031689,0.8410126830006539,1.0,0.923819414162237
ln_nd1_copies_ul_plasma_90,20,-0.04910455866700458,0.8417696635623015,1.0,0.923819414162237
nab_shl_irg_perc,24,0.04723728383708561,0.830525520034741,1.0,0.9218724530006016
nmdas_ssi_8,25,-0.046024607262204115,0.8308981977702791,1.0,0.9218724530006016
bdi_total,25,0.04450782647980106,0.8363965428280333,1.0,0.923819414162237
nmdas_ssi_9,25,-0.04171080678458894,0.8465551044804301,1.0,0.9257293228850748
ln_nd1_copies_ul_saliva_90,20,0.03985884638508652,0.8712986175536952,1.0,0.9359532852873615
cns_crnl_nrv_ii,25,0.039445535062561085,0.8547998925505002,1.0,0.9296353915185268
cns_score_generalmedical,25,0.03904942770117141,0.8562431237670642,1.0,0.9296353915185268
neo_cons,25,-0.03730609247665583,0.8626002835302241,1.0,0.9298953411105962
ln_nd1_copies_ul_plasma_10,21,-0.03719649884099366,0.8762774244421825,1.0,0.937987102219801
cns_score_ocularfundi,25,-0.03258080745313826,0.8798718552259,1.0,0.9385299789076267
cns_eyes,25,-0.030874080448913977,0.8861236831084255,1.0,0.9418937051222425
compass_total,25,-0.02592589859710325,0.9042851360121827,1.0,0.9546408858262906
pss_total,25,-0.025895563523694806,0.9043966286775384,1.0,0.9546408858262906
calcium_serum,21,-0.024920317111574414,0.9169418550481627,1.0,0.9645339928534307
ln_nd1_copies_ul_saliva_120,20,-0.0239706484717927,0.9224042946251567,1.0,0.9669341571243022
scr_max_sc_5_min,22,-0.018675367318259497,0.9359609019316079,1.0,0.9777735882721951
scr_max_sc_10_min,20,-0.01580687656105189,0.9487898159391075,1.0,0.9810615783860159
nmdas_ssi_7,25,0.015175882950250255,0.9438902186915986,1.0,0.9808815603682192
nab_sdgf_perc,24,0.015125583407178093,0.9453891354864743,1.0,0.9808815603682192
ln_nd1_copies_ul_plasma_120,20,0.014123897980870086,0.9542364695094544,1.0,0.9815822232197386
compass_bladded,25,-0.01136083693703624,0.9579814135716482,1.0,0.9815822232197386
cns_bj_reflex_r,25,0.01109061817740134,0.9589800009745474,1.0,0.9815822232197386
stai_y1_trait_total,25,0.010051258480508782,0.9628214766385678,1.0,0.9822071439534382
ln_nd1_copies_ul_plasma_m5,22,0.008501016724061462,0.9708266003592463,1.0,0.9824831178916443
ln_b2m_copies_ul_saliva_20,19,-0.007771359283336197,0.9755851315629208,1.0,0.9824831178916443
ln_nd1_copies_ul_saliva_5,21,-0.007184094533225269,0.976019413168673,1.0,0.9824831178916443
cns_abdomen,25,-0.007168864424534177,0.9734787551345726,1.0,0.9824831178916443
hgba1c_edta1,22,0.0041689439685959635,0.9856909842184993,1.0,0.9889440897769762
neo_agree,25,-0.0024784175773826236,0.9908297004781969,1.0,0.990829700478197
